id,nama_man
233,Sensient Technologies Corp. (China) LTD.
263,PT. Heinz ABC Indonesia
268,Aneka Citra Snack
298,PKOPRBG ULIK ARTHA
306,PKOPCLP UD. SARI LAUT TUNA
318,PT. Greshindo Aroma
356,SRIBOGA BAKERIES INTEGRA, PT
359,PT. Agarindo Bogatama
374,Ecogreen Oleochemicals, PT
398,PT.ARIMURAYA INDONESIA
426,PT MERO SEKAWAN JAYA
447,AJINOMOTO INDONESIA, PT
464,PT Gunung Slamat
467,GRACIA TRIKREASI PANGAN, PT
482,Frisch Artisan Bakery
496,NEOPANGAN SELARAS INDONESIA, PT
519,PRINKBM YAZACO
531,SINOBEST COSMECEUTICAL CO., LTD.
534,Ingredion China Limited
560,PPKOPBYL POKLAHSAR KWT NGUDI MULYO
572,PT. Finindo Foods Indonesia
574,PT. Dunia Bintang Walet
597,Vidhi Dyestuffs Mfg. Ltd.
627,Nantong QZU Bioscience & Biotechnology Co., Ltd
650,Chenguang Biotech Group Co.,Ltd.
656,PT. BERLIAN EKA SAKTI TANGGUH
709,PT. Forisa Nusapersada
713,Sinar Sosro, PT
748,SAMUDERA, UD
751,Java Biocolloid,PT
753,PT. Wilmar Cahaya Indonesia Tbk - Pontianak
763,PERMATA BAHARI MALINDONESIA
764,PT Ultra Aroma
769,SARIWANGI A.E.A, PT
774,Royal Industries Indonesia, PT
818,Perusahaan Abon, Dendeng dan Paru Sapi cap Tegal
822,Kerry Foods (Nantong) Co.Ltd.
837,Sterling Agro Industries Limited
883,CV. Lancar Jaya Food
885,SMART Tbk, PT
892,PKOPJPA AL-HIKMAH
897,VRS FOODS LTD
909,PT Andalan Furnindo
945,Talkindo Selaksa Anugrah,PT
974,Linyi Hengmao Foods Co.,Ltd.
977,OLAGAFOOD INDUSTRI MAKANAN & MINUMAN, PT
983,LTHFOOD INDUSTRIES INC.
1008,PRINSLW LELEQU
1028,PT. Tirta Sukses Perkasa
1055,Sensient Technologies (Philippines), Inc.
1056,CV. HIMUDO
1081,PT. De Glow International
1105,Ampawa  Coconut  Products  Co.,Ltd
1147,SUQIAN COSMOS CHEMICAL COÃƒÂ¯Ã‚Â¼Ã…Â½ÃƒÂ¯Ã‚Â¼Ã…Â’LTD
1150,PT Sinar Pagi Foods
1185,Yamasa Corporation
1192,Diamond Cold Storage, PT
1202,Huisong Pharmaceuticals
1217,BIOFACT LIFE SDN BHD
1228,Nanjing Biotogether Co., LTD.
1231,Roha Lautan Pewarna, PT
1232,PT Coca-Cola Bottling Indonesia
1242,Drytech Processes (I) Pvt. Ltd.
1245,Sari Enesis Indah R&D Food, PT
1247,PT. Tirta Murni Pratama
1274,BAOLINGBAO BIOLOGY CO.,LTD
1287,Fonterra Co-operative Group Ltd.
1331,PT.FARETINA
1350,PT Charoen Pokphand Indonesia
1367,TRANS FAMILY BAKERY
1404,Buanatama Fajar Abadi, PT
1418,Cipta Rasa Perkasa
1422,IZZARA ZIQQ TRADING
1434,PT Indo Pangan Sentosa
1440,Arla Foods Ingredients S.A.
1473,Synthite Industries Ltd
1500,PT. ARVIS SANADA SANNI INDONESIA
1504,Naturalin Bio-resources Co.,Ltd
1506,PPKOPBMS DUA EMPAT
1513,PT. ANEKA COFFEE INDUSTRY
1533,PT VICTO ORO PRIMA
1585,PPKOPBMS PERUSAHAAN ABON CAP KOKI
1589,PT.Tirtamas Lestari
1610,Tang Mas, PT
1612,Abon Burung
1636,Chr.Hansen (Tianjin) Food Ingredient Co.,Ltd.
1637,ADDAWA GLOBAL MARKETING
1662,Abon Patma
1669,Tripper Nature, PT
1681,PKOPJPA ASYIFA
1689,Cempaka Abon Ikan Tuna
1694,PT MAQUIS INDONESIA
1702,BCFoods Shandong Co.,Ltd.
1724,CIPTA MAKMUR ADIPRATAMA, PT
1739,Fujian Yuxing Fruit ÃƒÂ¯Ã‚Â¼Ã¢Â€Â  Vegetable Foodstuff Development Co.,Ltd
1741,Aloe Vera Indonesia, PT
1742,Chaucer Foods (Qingdao) Co.,Ltd.
1746,DOLPHIN FOOD & BEVERAGES INDUSTRY, PT
1815,PT. OASIS WATERS INTERNATIONAL
1865,Qingdao Gather Great Ocean Algae Industry Group Co., Ltd.
1872,Coca-Cola Indonesia,PT
1882,PKOPSLT DWINA JAYA
1908,PT Quindofood
1910,Evonik Sumi Asih, PT
1920,PKOPPBG GROUP MARISA FISH PRODUCT
1966,NIFA BIOTECH INDUSTRY SDN. BHD.
1988,NATURA INDOLAND, PT
2048,Gisabon
2092,DALIAN ZHEN-AO BIO-TECH CO.,LTD.,A SUBSIDIARY OF ZHEN-AO GROUP CO.,LTD.
2145,ASIANAGRO AGUNGJAYA, PT
2169,PT. Triartha Food Mandiri
2185,pt crown flour mills
2207,PPRINWSB CYRILLA
2214,Mikie Oleo Nabati Industri, PT
2221,AIDRAT (AMSI) SUNAN DRAJAT, CV
2240,PPKOPKBM POKLAHSAR MINAGUNA
2244,Tirta Fresindo Jaya, PT
2269,CV. SINAR MAS MINA BAHARI
2282,QINGDAO BRIGHT MOON SEAWEED GROUP CO.,LTD
2293,ASIA SAKTI WAHID FOODS MANUFACTURE
2317,TANTE LIZ
2323,Sentosa Abadi, CV
2347,Able Food Sdn Bhd
2367,INARAYA SUKSES PRATAMA, PT
2369,ABADI
2396,QL FIGO (JOHOR) SDN BHD
2418,DEWA TUNGGAL ABADI,PT
2429,EIYOH KOREA CO., LTD.-Korea
2433,PKOPWSB ULAM SARI
2469,Belfoods Indonesia,PT
2517,Santos Jaya Abadi, PT
2540,PT NUGRA HIDRATAMA
2570,Xinjiang Mauri Food Co.,Ltd
2604,Super Wahana Tehno, PT
2611,Seelindo Sejahteratama, PT
2632,RUSINDO PRIMA FOOD INDUSTRI,PT
2642,AMRISKA ENTERPRISE
2645,PT. Pangan Niaga Lestari
2648,LAUTAN NATURAL KRIMERINDO, PT
2688,CV.SURYA AGUNG
2711,NUTRIVO DAIRY INDUSTRY (M) SDN.BHD
2721,CITRARAJA AMPAT CANNING, PT
2724,KOBE BOGA UTAMA, PT
2737,TANGSHAN TOP BIO_TECHNOLOGY CO., LTD.
2753,PT. Jaddi Global Sejahtera
2773,PT. Samudra Mandiri Sentosa
2835,de RASA
2848,MIRALISA RICHWEALTH PLT
2852,ABLE COMMODITIES INDONESIA, PT
2857,PHYTOCHEMINDO REKSA, PT
2871,Doehler Food and Beverage Ingredients (Rizhao) Co., Ltd.
2873,Hangzhou Tianshun Food Co.,Ltd
2889,Cafe Outspan Vietnam Limited
2921,Sumber Inti Pangan, PT
2963,PT Phytesindo Biotek
2977,Camlin Fine Sciences Limited
2979,Suzhou Gaofeng Starch Technology Co.,Ltd
2987,PT.CITRA FOOD ABADI
3003,PT Multimas Nabati Asahan
3023,Beijing Gingko Group Biol.Tech.Co.,Ltd.
3053,AIMFOOD MANUFACTURING INDONESIA, PT
3069,PT. SIANTAR TOP, TBK
3089,Guangdong Tianli Food Co.,Ltd.
3117,PT. Dunia Rasa Indah
3133,TRI KEESON UTAMA,PT
3151,PT. ABC President Indonesia
3174,S.A. CORMAN
3188,Tirta Investama, PT
3189,PT Hakiki Donarta
3190,CV Bumi Rempah
3194,AJEINDONESIA, PT
3202,Ballantyne Foods Pty Ltd
3208,Lemon-Flex Company Limited China
3215,PT. Jeinz ABC Indonesia
3219,Danisco (China) Co., Ltd.
3221,PT. SEKAWAN KARSA MULIA
3227,CV. FLAMBOYAN KARYA LESTARI
3232,CV. Pasific Harvest
3239,PT. LUMUTMAS INTERINDO
3245,PKOPDMK HARUAN
3254,TRI CIPTA CHANDRA,PT
3258,DÃ¢â‚¬â„¢SYIFA SHOP
3261,AMIN PRODUCTION
3262,PT BUMI  SARIMAS  INDONESIA
3292,Karawang Foods Lestari,PT
3339,PT. BONANZA MEGAH
3348,Tata Nutrisana, PT
3366,PACIFIC MEDAN INDUSTRI, PT
3373,SORIN MAHARASA, PT
3387,PT. Akasha Wira International, Tbk
3408,Tirta Makmur, CV
3412,PRIMA DELI ADICIPTA, PT
3439,PNAGSLT UD. ABON CAP KUPU GAJAH
3469,PT.RUSINDO PRIMA FOOD INDUSTRI
3501,DOBLA ASIA CO.,LTD
3556,Sakinah Frozen Food
3583,LISHARTATI
3596,kereta mas
3617,AN-NIDA' MARKETING
3659,Dapur Hemoro
3682,PT TUNAS RINNAI PERKASA
3694,Able Dairies Sdn Bhd
3723,PKOPKBM STRAWBERRY CAKE
3744,Bintang Jaya Baharriski, PT
3759,QINGHAILAKE PHARMACEUTICAL CO LTD
3780,PT. Sarimunik Mandiri
3783,PT ANEKAPURA MULTIKERTA
3833,PKOPSLT AJI LESTARI
3840,Ayam Bakar Kang Haji
3855,Whiteley Bakery
3858,PKOPRBG MINA FOOD
3864,PT Unilever Indonesia Tbk
3896,PT. Nippon Indosari Corpindo, Tbk.
3899,San Miguel Pure Foods Indonesia, PT
3913,Jayamas Dwi Perkasa, PT
3925,Go Ku Tesya
3939,Tresbien
3942,PT Petropack Agro Industries
3943,Amidis Tirta Mulia,PT
3958,PT. GELAEL SUPERMARKET DIVISI BAKERY
3960,INNOBIO Corporation Limited
3967,PRINKBM GUCI PERSADA BOGA
3970,GRIFFITH FOODS LTD.
3972,PT.SELERA INDONESIA SUKSES JAYA
3975,Nitto-Fuji International Vietnam Co.,Ltd.
3984,PT. LUMBUNG PADI INDONESIA
3991,Ace Canning Corporation Sdn Bhd
4013,PT Metro Agung Perkasa Raya
4034,Sempurna
4035,Changzhou Guanghui Biotechnology Co.,Ltd.
4036,PT. Jaddi Bakerindo Lestari
4038,PT. HERBAL TIRTA ABADI
4044,Kancor Ingredients Ltd
4048,Ciptayasa Putra Mandiri, PT
4078,Inkubisc, PT
4079,PKOPSLT FANNY
4084,Gelael Supermaket, PT (Divisi Bakery)
4085,PT INDOFOOD TSUKISHIMA SUKSES MAKMUR
4111,PKKOP MEGA KITCHEN 1
4123,central cheese indonesia. cv
4124,PRINMKD CV PERMATA DEWI
4127,PT. GALIC ARTABAHARI
4135,Ummi
4138,Ottogi Ramyon Co.  Ltd.
4153,PT. AJINOMOTO BAKERY INDONESIA
4159,Kellogg (Thailand) Ltd
4172,Singa Mas Indonesia, PT
4179,PT Cerestar Flour Mills
4200,Natura Laboratoria Prima, PT
4212,PIONEER FLOUR MILL INDUSTRIES, PT
4220,PT. Mayora Indah Tbk
4232,Philippine Bio-Industries, Inc.
4234,PT. Universal Cipta Pangan
4235,SNF (CHINA) FLOCCULANT CO.,LTD.
4242,Pangansari Utama Food Industry, PT
4249,PD. Harsindo United Internusa
4258,PT. Supra Sari Lestari
4265,Nahdia Karya, CV
4293,PT. Tiga Pilar Sejahtera
4301,AURA RICH RESOURCES
4305,Sumber Tani, UD.
4321,Suryajaya Abadiperkasa, PT
4339,SUKSES ABADI FARMINDO, PT
4344,Sandi Foorage
4346,Bumitangerang Mesindotama, PT
4348,Herbal Kitchen
4367,Rex Canning. PT
4384,PT. Prima Widodo Makmur
4391,PKOPWSB CONDANG
4392,BERKAT USAHA SUKSES PT
4404,PT.WIDYAPRASUTI
4407,Hasil Abadi Perdana, PT
4421,PT. Sasanacitta Husada
4426,GUANGXI DANBAOLI YEAST Co.,LTD,
4427,PKOPPWR EDWIN ROTI DAN KUE
4441,Indonusa Alagaemas Prima PT
4442,Pancaran Mulia Sejati, PT
4448,PT.Orbomegar
4450,PT GUNUNG HIJAU SUKSES
4452,PT Karya Adishin Sukses
4458,PPRINKDL LANGGENG
4460,Mayora Indah Tbk, PT
4476,Fortuna Pacific, PT
4489,Ajinomoto Co., (Thailand) Ltd.
4536,PT Intan Kenkomayo Indonesia
4546,AMBICO PT
4549,APOLLO FOOD INDUSTRIES (M) SDN BHD
4562,AAFUD INDUSTRY (ZHUHAI) CO.,LTD
4563,Kerry Ingredients India Pvt.Ltd.
4574,Plant Lipids (P) Ltd
4575,Bakso Gulung Cipayung
4576,PT. Deho Canning Company
4579,ASIA FOOD Co.-Korea
4587,PT Tirta Alam Segar
4591,PT. SOEJASCH BALI
4618,Stasiun Presto
4626,CV. Vaness Multi Karya
4639,KOKINDO TROPICAL SPRINGS, PT
4654,Fonterra Brands Indonesia, PT
4657,Dunkindo Lestari, PT (Dunkin' Donuts)
4659,PT DECO KREASINDO
4665,INDO FERMEX PT
4674,BINA KARYA PRIMA, PT
4679,INDOHARVEST SPICE, PT
4683,JAVA EGG SPECIALITIES, PT
4688,PKOPSLT ROTI AURY
4692,ASTAGUNA  WISESA, PT
4694,Akay Flavours and Aromatics Pvt.,Ltd
4702,FRANS WITIGNA, UD
4703,Otentik Sambel Inndonesia, PT
4716,Great Giant Pineapple, PT
4721,GarudaFood Putra Putri Jaya, PT
4726,PT PERMATA DUNIA SUKSES UTAMA
4727,PT. SUMINA EKSTRAKSINDO
4733,CV SUKSES ABADI PANGAN
4749,GUNA CITRA KARTIKA, PT
4767,SIMBA INDOSNACK MAKMUR, PT
4768,PT Sinar Pelita Jayaabadi
4778,Pachira Distrinusa, PT
4788,CV. Graha Mineral
4810,PKOPPKLCV. ARIFTEX BATIK KRISNALA
4812,YASHO INDUSTRIES PVT LTD
4814,PT PRIMA CAKRAWALA ABADI
4818,FKS MULTIAGRO
4823,Mengniu Dairy QingYuan Co.,ltd
4833,Musim Mas ,PT
4835,Ayam Lari-Lari
4836,Karniel Pacific Indonesia, PT
4848,KWANG IL CO., LTD
4854,Dezhou LuYing Food Co., Ltd.
4857,Giavico International Food Co., Ltd
4859,CV Ocean Fresh
4870,PT Perfetti Van Melle Indonesia
4873,Royal Nutri Makmur, PT
4888,Ingredion Korea Incorporated -Korea
4889,PT. Inti Prima Rasa
4898,PT MITRATAMA RASA SEJATI
4923,Fine Organic Industries Pvt. Ltd.
4925,Crystal Quinone Pvt. Ltd
4926,Sumber Prima Anugrah Abadi, PT
4929,Daesun Flour Mills Co.,Ltd-Korea
4935,PT. Jakarana Tama
4944,TAMAN DELTA INDONESIA,PT
4945,PT Bungasari Flour Mills Indonesia
4947,PT. Sanghiang Perkasa
4958,PT TATAR ANYAR INDONESIA
4967,PT Menara Sumberdaya Indonesia
4992,PT. Agel Langgeng
5012,Baheera
5019,Kaldu Sari Nabati Indonesia, PT
5029,ANGEL YEAST CO.,LTD
5037,Anhui COFCO BIOCHEMICAL and GALACTIC LACTIC ACID CO.,LTD
5038,PT. Mustika Citra Rasa dan Afiliasi (Holland Bakery Group)
5048,PKOPJPA TELAQU
5055,Cv Angkasa Mitra Niaga
5073,Guangxi Dongmeng Dairy CO.,LTD
5076,PRINKBM YANÃƒÂ¢Ã¢Â‚Â¬Ã¢Â„Â¢S
5080,Dua Kelinci, PT
5083,GUNANUSA ERAMANDIRI, PT
5092,Mirasa Magelang, PR
5112,Saritama Food Processing, PT
5125,KENCANA ROTI
5131,Torabika Eka Semesta, PT
5151,MAS GANDA, PT
5152,BAYUADJI NUSANTARA INDUSTRIES, PT
5162,Indotirta Jaya Abadi, PT
5170,PT. COFFEE TOFFEE INDONESIA
5185,Zhejiang Shengshi Bio-technology Co.,Ltd
5201,PAWON GEMILANG RASA, PT
5215,PPKOPKDS PT. INDOBOGA MAKMUR PRATAMA
5216,Hollantama Cipta Multisari, PT
5243,Mead Johnson Indonesia, PT
5248,Freyabadi Indotama, PT
5249,Sumber Berkat, UD
5254,Raihan Bakery and Cake
5256,Ajinomoto Co., Inc
5259,JIANGBEI ADDITIVE CO.,LTD
5260,Sumber Yalasamudra, PT
5268,Shanghai PolarBear pharmaceutical Co., Ltd
5277,Qinhuangdao Goldensea Foodstuff Industries Co.,Ltd
5287,PT. Ciomas Adisatwa
5289,Indofood CBP Sukses Makmur Tbk Nutrition and Special Foods Division, PT
5295,PT Makanan Sehat Nusantara
5302,PKOPBNR UD LANGGENG
5304,Indofood CBP Sukses Makmur Tbk, PT
5328,PT. Dua Putra Utama Makmur, Tbk
5332,Perfetti van Melle Confectionery (China) Co.,Ltd.Shanghai Minhang Branch
5342,BEIJING KYO-NICHI TODAI FOODS CO.,LTD.
5371,Jain Farm Fresh Foods Ltd.
5378,Yunnan BK Giulini Tianchuang Phosphate Co.,Ltd.
5393,UD. Pelita Hidup Baru
5395,Seribu Satu, CV
5396,Macroprima Panganutama, PT
5402,Qiashe Cakes and Cookies
5409,ADABI CONSUMER INDUSTRIES SDN BHD
5413,PPRINSMG BERKAH MANDIRI MAKMUR
5419,Salkina Cake & Cookies
5426,Lucy Cake And Bakery
5437,Weharima Langgeng Lestari, PT
5443,Cheetham Garam Indonesia PT
5448,Ayam Bakar Bu Tami
5449,MAYA FOOD INDUSTRIES, PT
5454,Dellifood Sentosa Corpindo, PT
5460,Bakso Bakar Lezat
5461,Sriboga Flour Mill, PT
5467,Indocitra Adhitama, PT
5474,Yantai Andre Pectin Co., Ltd
5477,PT. Legenda Kuliner
5480,SUMBER BAWANG
5489,PERFETTI VAN MELLE (VIETNAM) LTD.
5493,PT. Dua Kuda Indonesia
5495,PKOPPWR TULIP
5511,SUMI ASIH, PT
5512,MFI BERKAT IKHLAS ENTERPRISE
5523,CIRACASINDO PERDANA, PT
5524,PT CIPTA PANGAN MULIA
5531,PT SANFOOD PRIMA MAKMUR
5532,Tiara Indo Pangan, PT
5535,PT Magfood Inovasi Pangan
5537,Bakso Balungan Pak Granat
5541,Mandiri Utama
5549,Haldin Pacific Semesta,PT
5551,BASO KUSNO
5559,PT Mignon Sista International
5573,Al Dente  Inc.
5575,Sin Tai Hing Oyster Sauce Factory Sdn Bhd
5576,TAKOUA BAKERY AND PASTRY
5585,PDAM TIRTA MOEDAL KOTA SEMARANG
5588,PPRINMKD SANNY ROTI
5589,PT. INDOFOOD SUKSES MAKMUR TBK Divisi Bogasari
5592,PT CATUR MITRA KULINA
5594,Deli Food, PT
5604,SAJA KITCHEN
5609,COZZO FOOD INDUSTRIES SDN.BHD.
5629,PT SINAR INESCO
5646,Khanza Cake
5648,PPRINSKH ARUM RASA
5654,Globalnet
5662,SHANDONG CHIAMEEI  FOOD INDUSTRIAL CO., LTD.
5685,SARIHUSADA GENERASI MAHARDHIKA , PT
5694,Cotton Bread Mitra Perkasa, CV
5703,Cangzhou Sheng Tian Xi Food Co.,Ltd
5704,Salim Ivomas Pratama Tbk, PT
5706,Beijing Andros Fruit Company Ltd.,China
5720,PT. Multi Guna Gas
5726,Anduang Foods
5738,Dapur Mak Momos
5741,CV. RATON FOOD 999
5742,ROCK MAM
5752,CV. ATOM INDONESIA
5761,Aroma Co.,CV
5763,Serena Indopangan Industri, PT
5785,PT Diva Mitra Bogatama
5790,PKKOP ANANDA JAYA INDUSTRI
5797,PT SWANISH BOGA INDUSTRIA
5807,Sempurna Rasa ,PT
5815,PT Central Proteinaprima Tbk.
5816,CV. ALVIANDRA KREASINDO
5817,Lemontree
5827,PT. Amanah Prima Indonesia
5850,KARIMUN KENCANA AROMATICS, PT
5859,PT. AMIDIS TIRTA MULIA
5862,ALOE VERA INDONESIA PONTIANAK, PT
5875,PPRINSKT BAKPIA SOLO 09
5890,CV RASDI & CO
5894,Bakso Pangkong
5902,Elshaday
5903,RUDANG CIPTA PERSADA, PT
5908,PT Buana Aroma Cipta
5917,Hunan Sunfull Bio-tech Co.,Ltd
5919,Yichang Haitong Food Co., Ltd
5926,Sariguna Primatirta, PT
5932,PT. Suri Tani Pemuka
5943,PPKOPKBM AYUMA CATERING
5944,PT Pulau Sambu Guntung
5964,PPKOPWNG ANEKA BAKERY
5967,Mak Atik
5974,PT Takaki Indoroti Prima
5980,LARISTO
5981,KARYA ANUGERAH JAYA, PT
5988,ALASKA MILK CORPORATION
5999,PT. NESTLE INDONESIA
6006,PT. Berkah Emas Sumber Terang
6013,CV. Naga Sari
6016,PT Santosa Agrindo
6022,Maxindo Karya Anugerah, PT
6032,Musim Mas-Fuji, PT
6034,AB(Harbin) Food Ingredients Co.,Ltd
6035,PT. Delapan Bintang Holti
6044,Pancuran Kaapit Sendang, PT
6049,Jinneng Science and Technology Co.,Ltd
6057,Buyung Poetra Sembada, PT
6059,Sumber Alam
6065,SEGAR BUGAR BEAUTY
6080,NIKI SAE
6082,BERRI INDOSARI,PT
6084,GKSI UUO Boyolali
6085,Wirontono Baru, PT
6092,LIANYUNGANG DONGTAI FOOD INGREDIENTS CO., LTD.
6112,Rich Products Manufacturing Indonesia,PT
6200,NORTH KINH DO ONE MEMBER COMPANY LIMITED
6207,Tereos FKS Indonesia, PT
6210,Dunia Daging Food Industries, PT
6213,PPKOPBBS UMKM LESTARI
6216,PT. JINYOUNG
6220,Ana Cake
6231,KUE YESNI
6249,PT. SINAR PRIMA FOOD
6251,Eastsign Foods (QuZhou) Co.,Ltd.
6254,PT Dexa medica - DLBS
6270,PPKOP UNR BROWNIES NDESO KRISKRIS
6281,PRINMKD D CAHAYU CAKE & BAKERY
6295,LEGENDA SARAPAN PAGI
6317,PT. Trijaya Sukses Makmur
6339,Aman Jaya Perdana, PT
6353,PKOPMKD SUTELA RICH TASTE
6365,PKOPKBM DANIS FOOD
6395,IZZ-AZ Kitchen
6398,Tian Kusah
6410,Bandar Oleh Oleh Jakarta
6415,PT. SURYA PRATISTA HUTAMA
6416,Beijing Huapeng Food Co.,LTD.
6417,CV. PERISA ALAMI
6446,PT Natural Nutrisi Global
6451,ANEKA TUNA INDONESIA, PT
6480,PT. Agro Inti Premium
6484,Suzhou Wenda Ingredients Co.,Ltd.
6492,PT YHS INDONESIA
6535,Interbis Sejahtera Food Industry, PT
6546,PKOPBNR SUGIARTI
6560,AVT NATURAL PRODUCTS  LTD
6561,HANA KULINER BETAWI
6564,PT VAN AROMA
6570,KSS Vietnam Co., Ltd.
6576,Inventive Food Technology Ltd
6591,PT MIWON INDONESIA
6595,Adani Wilmar Limited
6598,Global Capsules LTD
6603,D'Broel Cake
6616,FederaciÃƒÂƒÃ‚Â³n Nacional de Cafeteros de Colombia - BuencafÃƒÂƒÃ‚Â© Liofilizado
6628,Dapur Keluarga
6630,Aini Bingke
6635,Zendis Cake & Bakery
6637,Bingke Tok Lah
6643,Yantai New Era Health Industry Co., Ltd.
6651,Berkat Cahaya Novena, PT
6652,Bolia Bakery & Cake
6668,TROPINDO HAGAPRIMA, PT
6692,Indo Bali,PT
6700,PT ARA SAVIS SEJAHTERA
6706,Nestle Suisse S.A
6717,Bubur Sehat Anak Indonesia
6723,FAY
6728,PUSAN MANIS MULIA, PT
6729,PT. SONTON FOOD INDONESIA
6735,Delisi
6751,PT. Madu Pramuka
6801,Freezy Browniezz
6807,PT Aerofood Indonesia
6823,Wangnamyen Dairy CO-operative Ltd
6832,PRINKBN GHIFA
6835,PT SELARAS HUSADA
6841,PT. Delisari Murnitapioka
6851,PPKOPPWR AMIRA BAKERY
6855,Pondan Pangan Makmur Indonesia, PT
6856,UniBioChe Food Tech.Corp.Ltd
6868,Rattu Aneka Rasa
6877,Soon Soon Oilmills Sdn Bhd
6889,Aneka Boga Nusantara, PT
6891,Sumber Pangan Jaya, PT
6893,MITRA ACC FOOD
6898,CAHAYA KARUNIA PERSADA, PT
6906,Mondelez Indonesia Manufacturing
6912,Hua Huat Manufacturing Sdn Bhd
6913,D'Karamelle
6931,PKOPPWR KINKEN
6937,Katleya
6945,QINGDAO NOKWOO BEAN JAM MANUFACTURING CO.,LTD
6952,PT. BLAMBANGAN FOODPACKERS INDONESIA
6972,PPKOPSMG KINGDOM
6979,Sumber Berjaya,CV
6980,PRINBBS KH-A MANDIRI
7001,Paldo,  Paldo Co. Ltd
7008,Rin s Kitchen
7029,Bintang Kreasi Aroma, PT
7050,PT. SUMATERA TELAGATAPIOKA
7051,PT.Berkah Pangan Nusantara
7052,Generasi Andalan Bangsa, PT
7056,PKOPKBM ALLISHA
7058,PKOPSLW BROWNIES KUKUS NDESO
7059,CV Cahaya Tiga Tunggal
7060,PT. Inhil Sarimas Kelapa
7086,Nutrifood Indonesia, PT
7099,UD SARI MINANG
7101,PT.Budi Makmur Perkasa
7115,PT. NUSA SEJAHTERA
7132,Bingke Zaitun
7135,Bolak.Co.,Ltd-Korea
7138,BUANA SEGAR LESTARI,PT
7146,PKOPUNR BOSS JAMUR
7150,PKOPKBM KAVAYA BROWNIES SINGKONG
7162,PKOPJPA NAMIRRA
7166,Sarana Langgeng Sampurna, CV
7167,Lasenor India Pvt. Ltd
7225,Dapur Gading Asri
7232,PT Ceres
7239,PRINBBS IQOH PUTRI
7258,PURATOS INDONESIA, PT
7263,EMAKU FOOD AND BEVERAGE
7281,Unionfood Lestari Abadi, PT
7284,Diaci Jaya Abadi
7291,PPKOPWNG NEW SANJAYA
7293,Kelati Sari
7295,Umina Lasagna
7299,PT Global Foods
7307,PPKOPPML MEKARSARI
7309,AGRANA Fruit (Dachang) Co.,Ltd.
7315,Mondelez Indonesia
7322,Angie's Kitchen
7331,PT.RED RIBBON INDONESIA
7336,Maya Muncar, PT
7345,PKPPML POKLAHSAR HARAPAN BUNDA
7348,Intim Harmonis Foods Industri, PT
7392,PPKOPPTI HJ SURYATI
7393,PT. Segar Budi Sari
7396,PT. Sarana Pangan Mulia
7404,RHEA CAKERY
7417,Thermphos (Lianyungang) Food Ingredient Co.,Ltd.
7432,Unilever Philippines Dressings Plant
7436,Cartino Gelatin Co., LTd,
7465,Morello Coffee
7470,Green Juice (Tianjin) Co.,Ltd.
7496,GEMA
7504,PT. Jaya Pura Permata
7509,Sarinah Agro Mandiri, PT
7535,Pulmuone
7536,Kuala Pangan, PT
7540,Zhejiang Teaheals Bio-tech Co.,Ltd
7552,PT Pundi Kencana
7559,PKOPPKL FTS
7571,UD. BAHAGIA FOOD
7574,INKENAS AGUNG, PT
7641,AMINDOWAY JAYA, PT
7653,Goodfood Indonesia,PT
7660,Arini Cake
7674,Subafood Pangan Jaya, PT
7676,PPKOPSLT FRESFIT DJAMPEE
7690,Arnott`s Indonesia, PT
7698,Fia Bakery
7746,ANUGERAH PANGAN SENTOSA, PT
7768,PT.HANIORI
7774,PRINMKD NICCHI
7796,PT WISSE MULTIPANGAN SEJAHTERA
7813,PT CIPTA HARUM LESTARI
7834,Cahaya Abda Sentosa, PT
7849,PPRINPWD UPPKS LARIS
7864,Nanny Cookies
7867,PT. Putra Taro Paloma
7880,UD. BINTANG MAS
7887,Taraqi Brownies
7890,United Waru Biscuit Manufactory, PT
7921,Sari Pangan Abadi ( UKM )
7928,Creative Culinary, PT
7945,Toko Oleh- Oleh Bonafide
7971,PT Prima Top Boga
7974,Dinidi Pastry
7977,PRINBLA BAROKAH BAKERY
7990,CAI XIANG, CV
8002,Bir Pletok Bang Udin
8005,Ha Li Fa Pte Ltd
8007,Kelinci Mas
8028,PPKOPBYL PLE NET
8046,PT. Louisiana Far East
8050,Mondelez Malaysia Sdn. Bhd.
8070,PT.Kenkyo Foods Tech Industry
8074,NUTRICIA INDONESIA SEJAHTERA, PT
8079,Orana Vietnam Ltd.
8083,TIN S
8088,Gunacipta Multirasa PT
8100,PPRINUNR GENDHIS MANES
8109,siomay chipsy
8116,PT. Citra Dimensi Arthali
8130,BINTANG MERPATI, PD
8140,Candi P. Jaya
8144,SARIFOOD MANDIRI, CV
8145,Shanghai AB Food and Beverages Limited
8168,MARIZARASA SARIMURNI PT
8176,PKKOP ERHAFA DURIAN
8183,REEPHOS FOOD INGREDIENTS CO.,LTD,
8190,Hailai Citra Boga, PT
8194,Sari Rasa
8210,CV INDO JAYA PUTRA
8221,FUJIAN MINZHONG ORGANIC FOOD CO.,LTD
8265,PKOPJPA FARNILA SNACK
8266,PT BARCO
8267,KONIMEX, PT
8268,Barry Callebaut Chocolate Asia Pacific Pte Ltd
8279,Roquette China Co.,Ltd
8287,MEDAN CRISPY 22
8289,olahan kita bersama
8298,PPKOPUNR SANTI SNACK COOKIES
8303,SFF INTERNATIONAL, PT
8313,Gemasada Buana
8314,Mawar Indah
8326,PT. Sari Murni Pratama
8334,COFCO SHANDONG PEANUT PRODUCTS CO.,LTD
8343,CEMARA DAKTI
8355,BERKAT USAHA JAYA
8359,Oemah Kue
8369,Anugrah Cita Era Food, PT
8388,PT. Sekar Laut, Tbk
8394,Podang Mas, UD.
8404,MADUSARI NUSAPERDANA, PT.
8411,PT. BANYUWANGI CANNERY INDONESIA
8423,NESTLE
8430,Panca Rasa Pratama, PT
8432,PT. Priscolin
8435,CHEMINDO EKATAMA, PT
8465,PT. Fonusa Agung Mulia
8472,MOLFINO HNOS. S.A.
8478,Asahi Indofood Beverage Makmur, PT
8480,PKOPWSB UD ZHAHIRA
8494,Victorindo Alam Lestari, PT
8495,PKOPJPA CACA SNACK
8504,Batang Alum Industrie, PT
8533,DANIKA INDO CIPTA, PT
8608,PT. SAGO NAULI
8610,PD. Setia Makmur Mandiri
8620,Cadbury Confectionery Malaysia Sdn Bhd
8654,Cargill Bio-Chemical Co.,Ltd. Office
8705,PT. Surya Perkasa Makmur Sejahtera
8723,Daun Mas, CV
8725,PT MULTIMAS NABATI ASAHAN SERANG
8743,Nubika Jaya, PT
8776,PKOPWSB NAVILA
8778,PT. SELAGO MAKMUR PLANTATION
8781,Mondelez India Foods Pvt. Ltd., Induri
8804,PT. Cheil Jedang Indonesia
8805,NETWORK FOODS INDUSTRIES SDN BHD
8810,MUSASHINO CHEMICAL(CHINA)CO., LTD
8918,NIFA BIOTECH INDUSTRY SDN. BHD
8921,ROCKINDO AGRO, PT
8949,OM BURRITOS
8951,CIPTA SELERA SEMESTA, PT
8969,Jilin HaiZi Biological Engineering Technology Co., Ltd.
8983,PKOPWSB USAHA MANDIRI AR-ROSYAD
9010,FUJIAN HAIYU FOODSTUFFS CO., LTD.
9033,PT SINAR MEGAH PRATAMA SUKSES
9038,PT. Bumi Tangerang Coklat Utama
9045,Henan ZhengTong Food Technology Co.,Ltd
9056,Lubrizol Specialty Chemicals Manufacturing (Shanghai) Co.,Ltd
9065,Qianjiang Green Sea Treasure Biological Technology Co.,Ltd
9084,CENTRAM, PT
9090,BUMBU PECEL MERCON
9106,PT JAVAINDO MAJU SEJAHTERA
9121,MULIA CIPTA RASA, PT
9129,PT. Barry Callebaut Comextra Indonesia
9144,PKOPWSB UD. RIZKI
9158,CSPC Innovation Pharmaceutical Co.,Ltd.
9190,PT. ESJA UTAMA
9208,GUSHEN BIOLOGICAL TECHNOLOGY GROUP CO.,LTD
9214,PT GEMATRACON LESTARI
9252,Mayora Indah, PT
9267,URC INDONESIA, PT
9269,PT. NATIONAL CHAMPIGNON
9271,Zhejiang Taizhou Yiguan Food Co.,Ltd
9293,HUSEIN PRATA CURRY HOUSE
9310,Golden Union Oil, PT
9325,CPL AROMAS (FAR EAST) LIMITED
9326,Kino Indonesia, PT
9327,Ultrajaya Milk Industry, PT
9329,MULTI NABATI SULAWESI, PT
9347,PT. HARVARD COCOPRO
9349,Xiwang Group Co., Ltd
9356,PT. LABUAN TIRTA KAKAO
9360,Koyo Chemical Industry Co., Ltd.
9402,FEDERAL OATS MILLS SDN BHD
9414,PT. NATURA PERISA AROMA
9415,PKOPDMK ARSA SNACK
9433,Jiaozuo rong lida food co.,LTD
9443,LEE KUM KEE (MALAYSIA) FOODS SDN BHD
9445,HENAN HONGHUI BIOTECHNOLOGY CO., LTD.
9471,RZBC IMP and EXP.CO.,LTD.
9485,Sari Dumai Sejati, PT
9511,INNOVATE INSTANT COFFEE SDN. BHD.
9525,LDC Indonesia, PT
9534,Pulau Sambu Kuala Enok,PT
9561,CV. LAUTAN BOGA PRATAMA
9629,RICHMAN VISION SDN. BHD.
9634,PT. MIRASA FOOD INDUSTRY
9649,Lianyungang Shuren Scientific Creation Imp.& Exp. Co. Ltd
9671,PKOPBNR IZAYO
9682,Zhejiang Huakang Pharmaceutical Co., Ltd.
9693,Qingyuan Foodstuff Co.,Ltd.
9697,DIANA BEKERY
9705,D.D.Williamson Ingredients (Shanghai) Ltd.
9716,DELIONCITRA DINAMIKA, PT
9719,Ryori Indonesia
9732,NISSIN FOODS INDONESIA, PT
9736,Weifang Shengtai Medicine Co.,Ltd.
9739,PT BINTANG TENERA
9760,SINAR ALAM PERMAI,PT
9775,PPKOPKDS KUCH KUCH HOTAHU
9822,ANUGRAH TIGA PUTRA, CV
9831,Yunnan Rainbow Bio-tech.Corp.,Ltd.
9837,PKOPWSB Z.CO KEBAB
9838,INNGRID RECIPE
9844,MONDELEZ INDIA FOODS PVT LTD
9850,PT Seasonal Supplies Indonesia
9861,CALPIS INDONESIA, PT
9872,CHEMAROME INDONESIA, PT
9911,CV. ALDILA KARYA UTAMA
9942,INDOLAKTO, PT
9944,CV VERRA CO
9985,PKOPWSB CV. HAJAR ASWAD
10003,ZRAUDAH MARKETING
10053,MSC CO.LTD.-Korea
10068,AAK KAMANI PVT LTD
10069,PT. Arbe Chemindo
10116,HENAN SUNNY FOODSTUFF CO.,LTD.
10127,So Good Food, PT
10148,PKOPWSB PESONA FOOD
10156,Unilever Thai Holdings Limited
10160,RIAU SAKTI UNITED PLANTATIONS, PT
10196,Permata Hijau Sawit, PT
10259,KENCANA AGUNG PERTIWI, PT
10267,INDESSO AROMA, PT
10270,CALF INDONESIA, PT
10305,LAZIZAA RAHMAT SEMESTA, PT.
10325,Dina Jajan Pasar
10352,OAFINDO
10382,Adi Boga Cipta,PT
10418,Sethness Roquette Food Ingredients (Lianyungang) Co.,Ltd
10419,AROMA DAUN SERUNI, PT
10459,Amy's,  Amy's Kitchen Inc.
10465,Qiaqia Food Co.,Ltd
10466,Aladdin Indonesia, PT
10476,CJ CHEILJEDANG CORPORATION-Korea
10481,PPRINKDL PUTRA KENDAL
10490,PT. Mars Symbioscience Indonesia
10496,CV MITRA NIAGA INDONESIA
10497,MAILIDUO (FUJIAN) FOODS SCIENCE TECHNOLOGY CO.,LTD
10507,Elbanun Natura Food
10522,QINGDAO TAI FOONG FOODS CO.,LTD.
10531,ANHUI FENGLE PERFUME CO.,LTD.
10532,Barry Callebaut (Suzhou) Chocolate Co.,Ltd.
10539,PPRINSMG KYARAS COOKIES
10550,PT Dairygold Indonesia
10560,WIEN COOKIES
10596,Beian xiangyu jingu biochemical technology co., LTD-China
10597,CHEESECAKE ANYWHERE
10600,PKOPRBG CRUNCHY STICK
10604,PANJIN HETIAN FOOD CO., LTD
10608,De Castle
10625,Tunggak Waru Semi, PT
10630,PT. Jebe Koko
10637,PT. TEREOS FKS INDONESIA
10646,Kakao Mas Gemilang, PT
10648,PT. CAWAN PRIMA GERAY
10669,Culina Prima Utama, PT
10741,PT KEWPIE INDONESIA
10767,PT. Segarindo Primajaya
10780,Wira Inno Mas, PT.
10791,CV OMNI BINA CENDEKIA
10816,PT.Budi Starch & Sweetener,Tbk
10820,HANNY CAKE
10849,Merak, Fa
10866,CV. NTC Spice
10868,PKOPSLT ERNIS
10875,Panca Nabati Prakarsa, PT
10877,Adilmart,PT
10896,PT. MITRA ABADI NUTRACEUTICAL
10901,PT. Indosoya Sumber Protein
10917,PT. Cisarua Mountain Dairy
10943,PT. Bumi Boga Indah
10968,WuHan HuaSweet Co.,Ltd
10972,Oppenheimer (Dalian) Co., Ltd. China
10978,THAI GLICO Co., Ltd.
10997,Perfetti Van Melle India Pvt Ltd.
11003,Shandong Zhonggu Starch Sugar Co.,Ltd
11006,Wins Bogaprima
11015,COFCO Biochemical Energy (Gongzhuling) Co.,Ltd.
11042,PT INDOFOOD FRITOLAY MAKMUR
11046,OJSC ?Verkhnedvinsk butter-cheese plant?
11054,A. Zerega's Sons  Inc.
11063,Alami
11073,kalla kakao industri pt
11086,PT. GOLDEN HOPE NUSANTARA
11089,INBISCO India Pvt. Ltd.,
11137,Asiatic Agro Industry Co.,Ltd
11148,Argafood,PIRT
11156,Jiangsu Guoxin Union Energy Co.,Ltd.
11166,PKOPPKL ANUGERAH MAKMUR SENTOSA
11212,Indosari Sarana Pangan Abadi,PT.
11218,SHANDONG YUXIN BIO-TECH CO.,LTD.
11219,QL LIAN HOE SDN BHD
11232,PT. Boga Makmur Gracia
11234,Xumei(Kaifeng) Bio Technology Co.,Ltd
11246,Kurnia Tunggal Nugraha, PT
11278,Agro Makmur Raya, PT.
11279,Ahold
11285,PT. UFI MASUYA NUSANTARA
11307,ARLINDO PANGAN INDUSTRI, PO
11321,PPKOPSKT DAPUR UMIQU
11338,ROQUETTE RIDDHI SIDDHI PRIVATE LIMITED
11378,FUJI OIL (ZHANGJIAGANG) CO.,LTD
11379,Centra Lautan Pewarna PT
11384,KHEE SAN FOOD INDUSTRIES SDN BHD
11402,twins food
11423,PT. AQUASOLVE SANARIA
11459,PT. Sumber Food Ingredient Indonesia
11468,PKOPJPA CHOCO AZKA
11479,Nestle Philippines Inc
11504,PT Toba Surimi Industries
11518,PPRINRBG JEMPOL MAS JAYA
11529,DP Chocolates Unit 1
11602,Gujarat Ambuja Exports Ltd
11603,Sumber Sedap Wangi, PD
11623,PT. SUMBER INDAHPERKASA
11631,PKOPUNR SERASI
11640,PT. AGROJAYA  PERDANA
11644,Mitrasatrya Perkasautama, PT
11649,Kart Food Industries Sdn. Bhd.
11678,Palko Sari Eka, PT
11716,SUKAJADI SAWIT MEKAR - BAGENDANG, PT
11757,Doehler Food and Beverage Ingredients (Jinshan) Co., Ltd.
11762,PKOPJPA COKRIMUN
11772,PT Barry Callebaut Indonesia
11773,Cargill Indonesia, PT
11789,AB FOOD & BEVERAGES (THAILAND) LIMITED
11794,Ciak Po
11798,Clauconutz
11811,Sunfresh Agro Industries Pvt Limited
11826,AD TEA
11827,Guangzhou Masson Science & Technology Industry Company Limited
11855,DP cocoa product llp
11859,PPRINWSB PUTRA HIDAYAH
11887,WUXI SUPER FOOD TECHNOLOGY CO.,LTD
11892,Wilmar Bioenergi Indonesia, PT
11905,Puratos Grand-Place Vietnam Ltd
11925,PT. Aneka Kakao
11961,SAF VIET JV.CO.LTD
11962,Taiyo Green Power Co.,Ltd.
11967,PT. SENTRAL MULTIRASA UTAMA
11970,Zhejiang Golden-Shell Pharmaceutical Co.,Ltd
11993,PRINKBM AMIN
12002,PERMATA HIJAU PALM OLEO, PT.
12015,SUCERE FOODS CORPORATION
12018,PKOPBNR DEWI SRI
12035,Belfa Cookies
12046,Papandayan Cocoa Industries, PT
12052,PRINMKD BRAYAN
12056,R SINAR BARU
12062,Togu Cookies
12063,K.Nu Drink
12086,Harris Teeter
12089,Beu Food Industry (Kunshan) Co.,Ltd.
12093,Basrias
12109,Yunnan Addiphos Technology Co.,Ltd.
12169,PT. Kanemory Food Service
12197,PKOPKBM CISPY PISANG MANIS
12229,Damin Foodstuff(Zhangzhou)Co.,Ltd.China
12231,PPKOPTMG KPK MAWAR
12234,Gandum Mas Kencana, PT
12242,Wahana Citra Nabati, PT
12261,PT. INTERNUSA FOOD
12277,UD TIRTA JAYA MAKMUR
12291,PT. KML Ichimasa Foods
12324,PT Wilmar Cahaya Indonesia Tbk.
12330,PETRA SEJAHTERA ABADI, PT
12335,PT. WAHANA GRAHA MAKMUR
12342,PRINKBM NGUDI AKSARA
12353,FEDERAL FOOD INTERNUSA, PT
12357,WILD Flavors (Beijing) Co.,Ltd
12366,QINGDAO MATSUMOTO FOODS CO., LTD.
12378,PT Pristine Prima Lestari
12379,Aurelia Bakery
12396,PT. MEREK INDAH LESTARI
12416,Munchy Food Industries Sdn Bhd
12425,PPKOPSLT NA-NIQ BAKERY
12445,PT Phillips Seafoods Indonesia
12456,New Francisco (Yunfu City) Biotechnology Corporation Limited
12460,PRINMKD KWT AGUNG MAKARYO
12467,COFCO Biochemical (Maanshan) Co., Ltd.
12483,Intibenua Perkasatama, PT.
12498,Unifoods Indonesia, PT
12505,Nestle (Thai) Ltd
12514,PINGDINGSHAN TIANJING PLANT ALBUMEN CO.,LTD.
12516,Qinhuangdao Pengyuan Starch Co., Ltd
12541,PT. Pulau Sambu
12572,LAYAR DIMSUM
12605,PT. Lotte Indonesia
12614,Bevera Green Indonesia, PT
12621,PT.UNION CONFECTIONERY
12637,Zhecheng County Chunhai Chilli Food Stuff CO.,LTD
12640,PT. GarudaFood
12654,CHURROSKUU
12655,JAJAN NAYLA
12743,Changmao Biochemical Engineering CO.,LTD.
12747,KKOBANGSI FOOD
12826,Beijing FortuneStar S&T Development Co.,Limited
12850,DSM Food Specialties (Shanghai) Limited
12857,SELERA INDAH PERDANA, PT
12883,Indofood CBP Sukses Makmur Tbk, Food Ingredient Division, PT
12905,Dodol Betawi HB Fauzi
12910,Baoding Way Chein Food Industrial Co.,Ltd.
12926,Evelin Bakery
12930,PT. Dua Kelinci
12978,PPRINPML 3 SEKAWAN
12991,PT. SUKA SARI MITRA MANDIRI
13019,Xinjiang Meihua Amino Acid Co.,Ltd
13064,PT. AVILA PRIMA INTRA MAKMUR
13101,CV. Sinar Mutiara
13114,PKOPPWR DINO DONUT
13162,AYAM CINCANG BANG ABU
13212,PD. HERO
13224,Dodol Betawi Sari Nikmat
13225,dodol Betawi Atik Cici
13228,PT. Sari Segar Husada
13233,Sinde Budi Sentosa, PT
13235,RAJAWALI ANUGRAH KREASI, UD
13306,CV BALI OMEGA
13314,SAHYADRI STARCH & INDUSTRIES PVT. LIMITED
13373,DAPOER BAGOES
13395,PT. Nestle Indonesia
13431,Pusat Pondok Dodol Citra Rasa
13445,Cargill Grain and Oilseeds(Dongguan) Ltd.
13468,Nestle Manufacturing (Malaysia) Sdn Bhd
13487,Etika Dairies Sdn Bhd
13519,UPT RPH DAN LABORATORIUM KESMAVET KOTA MAGELANG
13566,Shandong Xingda Foodstuffs Group Co., Ltd.
13587,Nantong Acetic Acid Chemical Co.,Ltd
13606,PPKOPPTI SEJAHTERA
13621,AMVA, CV
13629,Dodol Ryan
13671,Dlimz Ice Cream
13703,LINYI DESHENGYUAN FOODSTUFFS CO.,LTD
13705,DARUL FURQON
13708,Futaste Pharmaceutical Co.,Ltd
13718,HWA TAI INDUSTRIES BERHAD
13722,Dodol Betawi Ketan Asli Ibu Mariyam
13734,DIAMOND HEART BEAUTY
13738,CIE CIE CAKE & BAKERY
13789,K.H.H. Double Lion Fruit Juice Manufacturing Sdn. Bhd.
13830,LESAFFRE ( MINGGUANG ) Co.Ltd
13833,Naila Donut
13847,PT Java Agritech
13854,PT. INDOFOOD CBP SUKSES MAKMUR Tbk - BISCUIT DIVISION
13877,Daesang Corporation-Korea
13880,SOHO Industri Pharmasi, PT
13892,QINHUANGDAO LIHUA STARCH CO.,LTD.
13903,sinar fadhil
13935,INMAS SUNSHINE, PT
13950,SONIC BIOCHEM EXTRACTIONS LTD.
13978,PRINSLW ANJA SNACK
13992,PT. Kerta Mulya Semesta
14011,CJ(Liao Cheng) Biotech Co.,Ltd.China
14024,PKOPJPA DONUTS MOMMY
14055,KARRELINDO UTAMA, PT
14097,PRINMKD GENDIS
14136,PUSAT TERAPI FURQAN
14178,Melati
14182,Kraft Ultra Jaya Indonesia, PT
14194,Clariant Specialty Chemicals (Zhenjiang) Co., ltd.
14203,Putra Betawi Mandiri
14206,Niruri Kelompok Tani Puspa Indah
14233,Uni Asmar
14300,GrahaMakmur CiptaPratama, PT
14314,Mars Foods(Jiaxing) Co.,Ltd.
14337,Mandala Prima Makmur, PT
14339,Shijiazhuang Huaxu Pharmaceutical Co.,Ltd.
14359,Dr. Mcdouglla's Right Foods
14361,NEELIKON FOOD DYES & CHEMICALS LIMITED
14363,HEBEI HUAYANG BIOLOGICAL TECHNOLOGY CO.,LTD
14394,Dawet Hitem Bu Gatot's
14395,Chun Yuen Trading Co.
14416,PT. ADYABOGA PRANATA INDUSTRIES
14488,PT GLOBAL COCONUT
14495,Star lake Bioscience Co.,Inc,Zhaoqing,Guangdong
14500,Kalimantan Kelapa Jaya, PT
14529,Mars Foods(China) Co.,Ltd.
14599,PPKOPWNG DIANA ROTI
14612,AGUNG FOOD INDUSTRINDO, PT
14628,Anhui Fubore Pharmaceutical and Chemical Co.,Ltd.
14658,Uncle Fajar Pastry dan Bakery
14690,RUCHI SOYA INDUSTRIES LTD.
14698,PT Indocitra Jaya Samudera
14701,LASALLEFOOD INDONESIA, PT
14756,PRINSLW KUBE KHAERUNISA
14764,PKOPRBG JOSS
14765,bali es pt
14791,Market Pantry,  Target Stores
14806,EVER DELICIOUS FOOD INDUSTRIES SDN BHD
14855,Fresh Food Indonesia, PT
14869,QINGDAO RUNDE BIOTECHNOLOGY CO., LTD
14875,ANHUI JINHE INDUSTRIAL CO.,LTD.
14889,PT ES MALINDO
14944,FIRMENICH AROMATICS (CHINA) Co, Ltd (Fragrance)
14992,PKOPKBM PRIMA
14995,PT. MIYASAKA INDONESIA
15054,PT Tudung Putra Putri Jaya - Ingredient Division
15057,ELSA SHINE BEAUTY
15074,ARTSBOGA SENTOSA GLOBAL, PT
15087,Jawamanis Rafinasi, PT
15106,MARIMAS PUTERA KENCANA, PT
15149,DLA Naturals Inc.
15160,PPKOPSLW DUREN SEJATI
15183,First Marine Seafoods, PT
15213,HULUNBEIER NORTHEAST FUFENG BIOTECHNOLOGIES CO.,LTD
15248,Manischewitz
15281,Liaoning Yihai Kerry Tereos Starch Technology Co.,Ltd.
15305,Pratapa Nirmala, PT
15315,Shandong Tianjiao Biotech Co.,Ltd
15366,Essential Everyday
15369,F.A. Chemical, CV
15377,PT.TIRTA ALKALINDO
15390,Kao Indonesia Chemicals, PT
15404,LUZHOU BIO-CHEM TECHNOLOGY(LIAONING)CO.,LTD
15425,Ferro Pizza
15465,Ultra Prima Abadi - Divisi Wafer & Delicacies, PT
15470,PPKOPSLT KEONG MAS
15500,SKM Egg Products Export (India) Limited
15507,FOODEX INTI INGREDIENTS, PT
15563,CHINASALT JINTAN CO.,LTD
15574,MITRATANI DUA TUJUH, PT
15581,EHPS MARKETING SDN. BHD.
15644,PT STARFOOD INTERNATIONAL
15670,PT GREENFIELDS INDONESIA
15676,UD. Aldy
15682,ESPUGA UTAMA ,  PT
15748,Santos Premium Krimer, PT
15749,PKOPSLT RUMAH
15751,Es Krim Cincang Bonjer
15765,FONA International
15859,Ovobel Foods Limited
15916,Exter (Thailand) Ltd.
15953,PT. VVF INDONESIA
15961,PKOPPKL DRM
16010,PT. Frisian Flag Indonesia
16040,ADEKA FOODS (CHANGSHU) CO.,LTD.
16046,PKOPCLP ETI EGG ROLL
16050,PRINKBM PAKISSTAN
16056,PT Ardena Artha Mulia
16090,Clariant Chemicals (Huizhou) Ltd.
16098,Bintang Toedjoe, PT
16126,PKOPJPA FIDDAS
16131,PT. CISADANE RAYA CHEMICALS
16146,Frisian Flag Indonesia, PT (Friesland Campina Domo)
16179,PT CHOICE PLUS MAKMUR
16187,EIDA HASSAN PRETTY SHOP
16202,PKOPSLT WENING
16272,Lidya Kasiyah
16309,PT. INDOLAKTO ICE CREAM MANUFACTURING
16348,Eggway International Asia Pvt ltd.,
16356,Sanko Machinery (Thailand) Co.,Ltd.
16362,Esku Indo Utama. CV
16389,PT. DOMAS AGROINTI PRIMA
16440,ADM Bio Science & Technology (Tianjin) Co.,Ltd
16485,FIRMENICH AROMATICS (CHINA) Co., Ltd.
16523,Mitra Ihsan Sejahtera, PT
16548,Ha Eon Indah Jaya, PT
16554,American Beauty,  New World Pasta Company
16557,K-THREE CREAMERIES (M) SDN.BHD,
16593,Cargill Food (Tianjin) Co.,Ltd
16605,F&N BEVERAGES MANUFACTURING SDN. BHD.
16626,PT.ALPHA QUEST INTERNATIONAL
16627,PT RHADOGEL GUMS INTERNATIONAL
16628,PPRINMKD KHARISMA
16653,Zhejiang Nova Nutraceutical Technology Co.,Ltd
16686,COFCO Bio-chemical & Energy (Yushu) Co., Ltd.
16692,PKOPMKD KARUNIA
16715,PPRINSLW AMORA
16752,Zhucheng Dongxiao Biotechnology Co.,Ltd.
16780,Batman Kencana, PT
16790,Kreasi Mas Indah
16857,PKOPWSB KUP. JOKO MADU
16922,Dumex Limited
16943,Amish Wedding
16964,KEKAL JAYA SENTOSA, PT
16969,Shandong Bailong Chuangyuan Bio-tech Co., Ltd
16973,PT. Siantar Top Tbk
16977,PT SEAFOOD SUMATERA PERKASA
17085,PKOPWSB CANDRA SNACK
17099,Hangzhou Hongbo New Materials Co., Ltd
17105,Hubei Yizhi Konjac Biotechnology Co., Ltd.
17121,GUANGZHOU HUAGU BIOLOGICAL TECHNOLOGY CO.,LTD.
17128,PKOPCLP UD. SUMBER ALAM
17177,PT. DUTA SUGAR INTERNATIONAL
17232,Hon Chuan Indonesia, PT
17238,Halal, PT BLUE SEA INDUSTRY
17239,PPKOPSLT KURNIA SNACK
17287,San-Ei Gen F.F.I. (Shanghai) Co.,Ltd.
17312,SURIA HALLIA SDN. BHD.
17328,SURIA HALIA SDN. BHD.
17422,PPRINUNR KEPODANG JAYA UNGARAN
17452,Prima Cahaya Indobeverage, PT
17461,ZHEJIANG MINGHUANG NATURAL PRODUCTS DEVELOPMENT CO.,LTD
17507,Rumah Sehat Barokah
17525,EVANS Bakery
17546,Zhejiang DSM Zhongken Biotechnology Co.,Ltd.China
17589,U BEAUTY
17600,Firmenich Asia Private, LTD
17602,GUANGZHOU YAHE BIO TECH CO., LTD.
17619,Fresyo F&B
17629,Narmada Gelatines Limited
17637,UD. Mandiri Jaya
17680,PKOPUNR ANNISA
17682,UD JANGKAR WAJA
17707,Tee Yih Jia Food Manufacturing Pte Ltd
17733,PT Bukit Warna Abadi
17809,PPKOPSKT ANEKA CAMILAN RR
17818,Dan cheng Caixin Sugar lndustry Co.,Ltd
17881,Surya Jaya
17895,UD CURUG
17904,GUANGZHOU FLOWER FLAVOURS & FRAGRANCES CO.,LTD
17953,UNIChemCandi Indonesia, PT.
17956,Garam (Persero), PT.
17960,KENANGA
18057,Quanzhou Rui Mai Foods CO.,LTD.
18101,Xingtai Ping'an Sugar Co.,Ltd.
18128,FUTAMI FOOD & BEVERAGES, PT
18195,PT. Kebon Agung unit Pabrik Gula Trangkil
18207,Rousselot (Da`an) Gelatin Co., Ltd.
18239,PT Suntory Garuda Beverage
18258,Galic Bina Mada, PT
18262,Quantum Hi-Tech (China) Biological Co.,Ltd.
18277,Frutarom Flavors & Ingredients (Shanghai) Co.,Ltd
18303,CREASINDO MEGAPRATAMA,PT
18318,Meteor Perkasa, PT
18324,Fruitty Ice Cream
18331,PTPN XI PABRIK GULA PADJARAKAN
18385,Shanghai Gum Base Food Co.,Ltd.
18387,Gansu Aminbio Halal Gelatine Co.,Ltd.
18394,Heechang Dairy&Food Co.,Ltd - Korea
18448,GIVAUDAN EUROPE
18462,PT Bintang Karya Laut
18473,Shandong Jiejing Group Corporation
18513,Seoul Food Industrial Co., Ltd-Korea
18524,Fuzhou Lvteng Food Technology Co.,Ltd.
18531,PERUSAHAAN GUNUNG KAWI
18546,PKOPUNR ABIMANYU
18603,Firmenich Indonesia, PT
18642,GLORIA NUSANTARA, PT
18648,PT.Fresh On Time Seafood
18697,SHANDONG BAISHENG BIOTECHNOLOGY CO., LTD.
18712,PT. Sari Enesis Indah R&D Pharma
18801,3 M Food
18813,FUSIPIM SDN. BHD.
18882,PT Tissin Foods Indonesia
18905,Anhui Ante Food Co.,Ltd.China
18926,Sinar Kudjang Food Manufacture
18973,Lotte Shanghai Foods Co.,Ltd
18986,PT. MAKASSAR TENE
18991,PTP Nusantara XI, PG. Wonolangan
19021,HARSINEY
19038,NIRAMAS UTAMA, PT
19040,Givaudan (India) Private Limited
19043,Greenwitch Co., Ltd-Korea
19124,PKOPPWR WANA LESTARI
19173,COFCO Rongs Biotech Co.,ltd.
19224,Sentra Usahatama Jaya, PT
19236,Cooksimple
19308,NIHON CANPACK (VIETNAM) CO.,LTD.
19350,PKOPPWR KUB MANGGAR AGUNG
19385,PT DPO Indonesia
19407,Goldy`s Inti Aroma, PT.
19483,Green Fresh (Fujian) Foodstuff Co.,Ltd.
19488,PT Realfood Winta Asia
19525,HAN-BAEK FOOD Agricultural Co.,Ltd -Korea
19577,PT HERBALIFE INDONESIA
19594,KEBUN TEBU MAS, PT.
19596,Eka Putra Jaya, PT
19633,PT CIBUNIWANGI
19636,PT. Aneka Coklat Kakoa
19637,PT.Adikarya Gemilang
19638,Usaha Fajar Abadi, CV
19652,Pilmico Foods Corporation
19682,PPKOPTMG KUB DAMAR SINDORO SUMBING VALIA
19693,PKOPKBM ELEGI
19695,Busri Persada Nusantara, CV
19747,Sumber Urip
19756,PPRINSLT P2
19814,PKOPWSB GUNUNG DIENG
19821,PT. Sinar Kencana Agung
19862,Sate Kambing Bang Isa
19901,Angels Products, PT
19981,PT. Monysaga Prima
19993,PT Sukses Mantap Sejahtera
19996,Sugar-O
20002,PKOPPWR GAPOKTAN WR SUPRATMAN
20007,PKOPKBM HANDAYANI
20016,PT. Arnott`s Indonesia
20030,SHANDONG HEAD CO.,LTD
20035,PT. Rama Putra
20106,AZ-ZIKIR PLT
20134,PT Meiji Food Indonesia
20141,PT. Zehat International
20169,UKM gusti farm
20180,HALE INTERNATIONAL, PT
20193,UD NGUDI LESTARI
20206,Pacific Lacto Jaya, PT
20207,Guangzhou Levon Flavor & Fragrance Technology Co.,Ltd
20266,PT. Carona Indonesia
20281,HANKOOK TEA COMPANY-Korea
20310,DALIAN TIANSHAN INDUSTRIAL CO., LTD.
20339,CV. Bonafide Anugerah Sentosa
20380,Daesang Europe B.V.
20385,LIBRA, UD.
20403,PT. MEGA LANGGENG UTAMA
20410,Langfang Fudou Cereals Co.,Ltd.
20419,PT TEMPO SCAN PACIFIC TBK
20423,PT. HYDROCOLLOID INDONESIA
20468,SARANG TAWON
20488,UD. Kali Mengaji
20507,PT. Tunas Baru Lampung, Tbk
20547,MAKMUR SEJATI INTERNUSA, PT
20565,Heavenly Nutrition Indonesia, PT
20577,PT. Poly Meditra Indonesia
20590,Sinar Kencana Agung, PT
20598,Koperasi Taman Wijaya Rasa (Kostajasa)
20630,Givaudan Singapore Pte., Ltd
20642,PRINTMG KUB TEGAL MAKMUR ABADI
20732,PT.SURYA UTAMA SENTOSA
20742,Hershey Malaysia Sdn. Bhd.
20777,PT Perkebunan Nusantara XI PG. Soedhono
20795,PT. PERKEBUNAN NUSANTARA XI - PG. ASSEMBAGOES
20798,PRINKBM CV. AGRO BERDIKARI
20828,PAMIR GIDA SAN AS (HARIBO Sekerleme)
20836,Heavenly Aromas, PT
20837,UD. KARYA BERSAMA
20857,hoklaiicecream
20868,PPBPTPKBM UPKT SUN COCO
20885,CV. Intrafood
20893,PKOPUNR AIG BUNDA NISA
20900,Three-A (Qinhuangdao) Food Industries Co.,Ltd.
20902,Shanghai Haocheng Food Development CO., LTD.
20948,JORDAN JUS BAWANG
21000,PPRINSLW 21 DUA SATU
21055,ZM QASEH ABADI RESOURCES
21063,PKOPSLT KARYA LESTARI
21070,URC Thailand Co.,Ltd
21134,MERPATI MAHARDIKA, PT
21142,IRIES CAFEÃ¢â‚¬â„¢
21148,Samudera Eco Anugrah Indonesia, PT
21175,IRISLOH ENTERPRISE
21183,COFCO Eastocean Oils & Grains Industries (Zhangjiagang) Co., Ltd
21189,ISIHAT RESOURCES
21192,MORINAGA KINO INDONESIA, PT
21206,Perfect Food Manufacturing (M) Sdn.Bhd.
21228,JILIN FUJI PROTEIN CO.,LTD
21244,PT KIKKOMAN AKUFOOD INDONESIA
21277,SUNGSIM MASTER FOOD-Korea
21332,INTERNATIONAL FLAVORS & FRAGRANCES (GREATER ASIA)  PTE.,LTD
21345,Spring Ice, PD
21357,Fang Inter Foods Co.,Ltd
21393,PRINSLW INTIP IBU LATIFAH
21445,PT SARI KEBUN ALAM
21484,HORIZON INVESTMENT, PT
21550,Karagen  Indonesia, CV
21559,Powerland Indonesia, CV
21584,Inner Mongolia Yili Industrial Group Co.,Ltd
21590,AIPU FOOD INDUSTRY CO.,LTD.
21613,Brilliant Food Inc.
21639,IFF - PT. Essence Indonesia
21671,PKOPRBG DEWI SEHAT
21746,PKOPWSB JAYA
21756,Selahonje Jaya Makmur, PT
21771,Hubei Konson Konjac Gum Co.,Ltd.
21779,DuPont Shineway Luohe Food Co.,Ltd.
21787,Indo Aneka Atsiri, PT
21792,PT. Indolakto
21823,LCCT FOOD & BEVERAGES MANUFACTURING SDN. BHD.
21839,PRINKBM JENANG MUCHTAROM
21851,PT Bersama Olah Boga
21923,Asia Health Energi Beverages, PT
21933,PT. Indosentra Pelangi Cibitung
21955,Inti Nanvia, CV
21968,Indo Essen, PT
22028,Koperasi Agro Niaga (KAN) Jabung
22045,Sinar Permata Halim Swadaya, PT
22107,International Flavors & Fragrances
22126,Yayasan An-Nahl
22141,Hima Sejahtera Abadi, CV.
22173,PT. Indofood CBP Sukses Makmur Tbk
22215,KPJ Aneka Rasa
22316,GUANG XI YIPINXIAN BIOTECHNOLOGY
22368,ALAM MANIS INDONESIA,PT
22407,Gefen
22428,PKOPBNR JENANG WANGON
22450,Luzhou Bio-Chem Technology (Shandong) Co.,Ltd.
22466,Shandong Yuwang Ecological Food Industry Co.,Ltd
22475,BIO COTTAGE INDUSTRY
22481,PKOPMKD RUMAH DODOL KATESE
22495,PT Indonox Mitra Pratama
22505,PPKOP SKT NAM KHO
22559,Delta Rezeki Abadi, PT
22570,Nitta Gelatin India Limited
22584,PT. Nutrifood Indonesia
22603,PT. ANEKA SATWITRA SARI FOOD
22618,Yihai Kerry (Qinhuangdao) Protein Industries Co.,Ltd
22634,JIAXING ZHONGHUA CHEMICAL Co.,LTD
22637,IRIES CAFE
22648,Javara Indigenous Indonesia, CV
22687,JEJU SPECIAL SELF-GOVERNING PROVINCE DEVELOPMENT CORPORATION
22715,Srinanaporn Marketing Co., Ltd (Branch No.3)
22732,Nestle Indofood Citarasa Indonesia, PT
22743,PT. Tong Tji Tea Indonesia
22770,Keong Nusantara Abadi, PT
22818,Tripangan Maju Sejahtera, PT
22849,JINHUA WEIHAI FOOD CO.,LTD.
22861,Cargill Food Technology (Pinghu) Co., Ltd.
22862,SELAHONJE JAYA UTAMA, PT
22869,PRINTMG PONCO TUNGGAL
22914,SUKA RASA
22933,GENTONG
22942,Dillas
22954,SEHATI FOODS
22957,Mas Boy
22959,PUTRA MANDIRI
22963,PPRINSKH SIDOMULYO
23003,Pelangi Snack
23014,X KACANG KUTJING
23026,PKOPMKD WAHYU PENDAWA LESTARI
23027,PKOPBNR KERIPIK KENTANG POTATOEZ
23033,PKOPJPA CEMARA JAYA
23037,Wina
23040,PRINSLW WIRYADI PUTRI
23047,PRINPKL RULY SNACK
23054,Umi Anik
23072,PKOPMKD BERKAH / PIALA
23073,PT MANNA MANCA BERSAUDARA
23083,Kabuto
23086,PRINTMG PAGUYUBAN BUANA SARI
23114,PKOPWSB BERKAH LESTARI
23131,Yuasafood Berkah Makmur,CV
23138,WANIS ONE MARKETING
23140,Jining Nature Foods Co.,Ltd.
23150,PPRINBBS KETANN PENCOK IBU BARIYAH
23183,PT Kara Santan Pertama
23193,PPRINBYL UD. BERKAH USAHA MULIA
23215,PT BUSUR INTI INDO PANAH
23218,PPRINSLW INTINYA
23220,CV. SUKSES MANDIRI SEJATI
23251,PT. Indofood
23256,PKOPWSB SARAWITA
23275,PT INTRAWOOD PERDANA
23280,PKOPJPA MBA FOOD
23290,Perusahaan Kerupuk Sumber Jaya
23304,LISA
23307,PPRINPWD MEKAR SARI
23308,Detha Snack
23329,JITOS
23374,PPRINSKH OCY SNACK
23426,HELMA
23474,CV. HERBA LIEM PUTRA
23479,PT. HOKKAN INDONESIA
23514,SADILA
23533,PKOPPKL PUTRA JAYA
23539,FIRMA SINAR JAYA
23546,PKOPSLT AKUR
23552,CV.MOJOAGUNG
23553,PPRINRBG KIKY BAKERY
23560,PPKOPSLT KHING CHIP
23572,NIFA CAFE'
23577,PROMOTORA DE CAFE DE COLOMBIA -PROCAFECOL S.A.-
23584,PT. Holindo Lezat Pratama
23597,PRINTMG ASRI KRIUK
23609,KITKAT
23632,KAINI
23638,PKOPWSB SALSA
23641,DAI-ICHI KIMIA RAYA, PT
23690,PKOPDMK ANEKA JAYA
23698,PKOPCLP SARI RASA
23700,PPKOPUNR PUTRA PABELAN
23706,3 SAUDARA
23718,PKOPUNR WEMA
23744,KWT. Mawar Indah
23780,SINAR MULYA 99
23786,PT. Syams Kautsar
23789,PPKOPKDS BAYAKIS
23790,PNAGJPA JEHA
23795,PT. Serasa Selera Nusantara
23798,PKOPCLP HG
23822,PKOPPKL SI ANAK SINGKONG
23827,Sismuindo, PT
23837,PT. KOSSY BOGA
23843,PPRINBYL ICHA SNACK
23863,PNAGJPA HIKMAH
23879,Kripas
23891,KERRY INGREDIENTS INDONESIA,PT
23897,AL RUQYAH THOBIBI ENTERPRISE
23899,KUB Sungai Pandan
23920,Ultra Prima Abadi - Divisi Snack & Nut, PT
23928,Kingkong Condet 2F
23934,Usaha Jaya Beverages Sdn. Bhd.
23938,KIT KAT
23941,Keva Fragrances Pvt. Ltd.
23954,PT. Bumi Alam Segar
23973,PPRINWSB SUMBER PANGAN
23997,PPRINBYL ENGGAL JAYA
24005,PPRINMGG OCHI
24008,PKOPDMK SAMUDRA INDAH
24009,PT.SOYA FARM INDONESIA
24027,PPKOPSLT FABELLA
24039,PKOPKBM UD PAMELA
24044,PPRINSLT KOPI BABAH KACAMATA
24049,PKOPBNR KUB WOYO AJI MANDIRI
24062,Jo Qua
24072,Juice Herbal
24110,Agro Sarimas Indonesia, PT
24122,Say Production
24155,MUBARAK EDAR ENT.
24157,Nya Inah
24160,PT. Jadi Abadi Corak Biscuit Factory Indonesia
24169,SA COFFEE
24172,Arkan Food Jaya Barokah, CV
24177,WIN WIN FOOD INDUSTRIES SDN BHD
24203,INTI KIAT ALAM, PT
24210,PRINKBM AL-FATH JAYA PRATAMA
24213,PKOPUNR HW MEGA
24217,Nissin Biscuit Indonesia, PT
24227,KT KARYA BHAKTI
24233,PRINSLW WIR ASLI
24257,SYARABU SIHAT
24264,PKOPDMK RIZA SNACK
24265,Kebuli Bento Mat Yasin
24271,PPKOPPWD UTAMI BAROKAH
24277,PPKOPKDS PRIMA
24289,DD COOKIES & CAKE
24294,PRINSLW MEKARSARI
24295,FR ENTERPRISE
24297,PPRINWSB MOUW MILK
24298,PKOPJPA AA JAYA
24299,GO KU TESYA
24303,Sari Rosela
24316,PKOPDMK JENI NS
24328,PT. Kaneka Foods Indonesia
24347,PO LINA
24350,Keripik Mangsit
24354,PPRINDMK SINAR SEJAHTERA
24392,PKOPUNR SETIA RAHAYU
24399,PKOPSLW KRIPIK BEDOGAN
24404,INBISCO (THAILAND) LTD.
24425,PKOPJPA WHYNUT
24426,Perusahaan Kecap Udang Windu
24443,PPKOPSLT ANUGRAH KRISPI
24473,PKOPBNR PUTRA NYONYA PAINAH
24474,Moessy Snack
24490,DARDAV
24491,Ajeng Snack
24498,PBPOMTGL KUE PIA SERAYU
24503,CV PRIMA BOGA UTAMA
24505,PPKOPSLW SALAMAN
24513,Tirta Fresindo Jaya, PT (Maklon/Tolling Factory)
24515,PT.Kawan Kita Mas
24531,KUE KERANJANG NY.TAN
24543,PKOPMKD WIJAYA
24550,DAPUR KAKAK
24551,KUJANG
24558,PRINKBN KARIMA FOOD
24562,TETAKE
24566,GALARASA, UD
24582,X ECO
24584,PKOPCLP KECAP CAKRA
24600,Goldensnack Mas Sejahtera
24620,PKOPRBG BAROKAH
24621,Kaifeng Taiyo Kinmei Food Co.,Ltd
24641,PPRINDMK GEMILANG
24664,MAKANAN RAKYAT INDONESIA, PT
24706,NOR QASSEH MARKETING
24708,HJ. HINDUN
24714,PPRINPML MP. PENDOWO LIMO
24733,KRILA EYANG SUKENI
24740,UD IKAPEKSI AGRO INDUSTRI
24741,PKOPJPA LIANY CATERING
24747,PT ARTHA KARYA UTAMA
24752,PNAGKDL AL BAROKAH
24757,PKOPMKD ANISA
24766,PRINSLW FAJAR
24776,CV. MITRA JAYA MANDIRI
24778,BERKAH SNACK
24781,De Glow International, PT
24794,Rusa Dua, PD
24798,PKOPJPA INDAH SNACK
24804,PPKOPSLT KREMES AYAM 168
24806,PPRINPKL UD. RUMAH DAUN
24807,PRINTMG PUSPITA
24809,PRINKBN MBAH KASINEM
24827,PPKOPBMS MBA EMI
24828,RAHSIA RIMBA
24831,MITRA BOGA SEJAHTERA,CV
24852,SW BATAM, PT
24864,CP Kelco(Shandong) Biological Co.,Ltd
24867,PRINBLA AS
24902,PRINTMG SAMAWARO
24953,Wida Mandiri
25026,PRINSLW SM
25028,PPKOPSLW LESTARI
25033,PKOPBNR SELARAS
25034,PPKOPSLT KUDA KALOKA
25043,PKOPPTI TIGA KEONG
25045,PUTRI INANDA
25065,Khong Guan Biscuit Factory Indonesia Ltd, PT
25080,UNI UPIK
25085,Cahaya, UD
25095,PNAGMGG JAYA MAKMUR
25119,Nurlaela Stick
25134,Tatik Kirno
25145,JUNIOR ICE CREAM
25151,PKOPPTI CV. KECAP IKAN LELE
25154,SICHUAN NEWSTAR KONJAC CO.,LTD
25155,PKOPRBG ANGGUR
25169,Ninda Cassava
25176,MP PENDOWO LIMO
25181,Dza Food Indonesia
25182,KM POWER
25212,PKOPRBG SALSABILA
25213,PKOPSLW INTAN SNACK
25269,PRINMGG KRIPIK PARU BU MARYATI
25293,PKOPPWR KARYA USAHA MANUNGGAL
25317,PT. Ikafood Putramas
25331,NUTRINDO BOGARASA, PT
25375,Rotihui home bakery
25399,QUEEN ZAM-ZAM
25431,Lamington
25443,Lotte Indonesia, PT
25446,SRI NONA INDUSTRIES SDN BHD
25460,PPKOPSLT MULYO LESTARI
25463,J&J Cookies
25507,PPKOPPTI JAMUR NUSA INDAH
25514,PKOPCLP PELANGI LAND
25537,PKOPRBG UD CANGKIR
25556,PKOPKBM TIEN SNACK
25557,PKOPKBM CAHAYA SNACKU
25570,PKOPJPA TIGA PUSAKA
25576,PPKOPUNR KAREST FAMILYS
25618,PT. Berkat Agro Nusantara
25661,PKOPKBM LANTING LESTARI
25668,Seventy Nine Semprong
25678,PKOPJPA AIDA COOKIES
25708,Wayang
25709,UD. BINTANG RASA
25712,PKOPRBG KEONG MAS
25713,PKOPUNR PUSPA
25727,PKOPUNR MANDIRI LESTARI
25740,FAJAR MATARAM SEDAYU, PT
25743,PKOPKBM KERIUKI
25777,PKOPSLT MAS AL
25812,PKOPKBM CIPTA RASA
25859,PPKOPPWR MAKMUR TIRAM
25904,PKOPCLP MIRA
25905,Kripik Patria
25914,Pletsus
25920,PKOPKBM NGUDI LESTARI
25921,Incasi Raya, PT
25923,X BASATU
25926,PPKOPKDS BESTARI SNACK
25962,PKOPKBM AYU
25968,PPRINMGG TEMPE MURNI IBU MUSINEM
25987,pepe special herawaty
25996,PRINSLW BRAJAN
26000,Via Bakery
26010,PKOPPBG NANAS QU SSS FOOD
26021,PKOPMKD LANA LANI
26045,Asaba Food Industry PT
26046,PKOPRBG KOPI CAP PAYUNG
26048,PKOPMKD LESTARI
26072,PKOPJPA LINTANG FOOD
26080,PT.Salak Bisnis Internasional
26095,London Biscuit Sdn Bhd
26099,J-Cysteine Co., Ltd.
26105,PPKOPKBM LAA TANSA
26113,PRINSLW NOER GRACILARIA
26114,PKOPKBM RADEN MAS
26130,PRINSLW KRUPUK CIKAL
26154,Umaya Food
26173,PKOPSLT KOPI TENTREM
26192,Shinta
26193,PKOPPWR ANNYSA
26206,Kreasi Rasa Inti Selera, PT
26209,peny bakery
26227,PRINKBN KALINDUNGNA
26238,Empat Putri Food
26246,PPRINPKL MITRA JAYA
26257,PRINKBM BREKELE
26291,PNAGSLT SAE ROSO
26296,PPRINTMG KOPI MUKIDI
26323,JAVAPRIMA ABADI, PT
26365,PKOPKBM QUEEN FOOD
26384,PT IKAFOOD PUTRAMAS
26397,Kue Sagu Rizky
26399,Rumah Kuliner Madu Basmalah
26408,CV. Berhasil Jaya
26415,Madam Souvenir
26454,AIS PASTRY
26463,PKPPML POKLAHSAR MELATI
26470,F & N
26512,REZEKI KASEH MAJU
26521,PKOPJPA DAPOER AYOE
26522,Cookies Bougenville
26550,PRINKBM DELLA
26558,PPKOPKDS PUTRA USAHA
26560,Bunda Tjandra Cake
26601,PPRINKLN KEDUNG DOWO
26622,PKOPRBG UD DUA IKAN
26626,F&B Nutrition Sdn Bhd
26644,PPRINPML PISANG AMBON
26674,KARYA KENCANA SUMBER SARI, PT.
26792,PKOPSLW DUA JAGO
26821,PPKOPBYL KELOMPOK WANITA SAMIRAN ASRI
26842,PPKOP SMG NIRWANA
26862,PPKOPUNR SABILA SNACK
26878,Calbee-Wings Food, PT
26914,CV. Firdaus
26915,PPKOPWNG MUSTIKA SNACK BAKERY
26933,PPRINUNR KEDAI KOPI TARIK UNGARAN
26962,Klapper Pie
27019,PT Monde Mahkota Biscuit
27038,PUNGGI GINSENG FARMING CORP.
27043,CV. Ath-Thoifah
27065,PKOPRBG MEKARSARI
27101,PKOPJPA BAROKAH
27117,Hidayah
27129,PPKOPKDS HIDAYAH SNACK
27140,Ainur Food
27141,Budi Utomo Jaya, CV
27161,PKOPRBG PANDOWO
27176,CV. Arira Pangindo
27178,Cap Gunung Jempol
27187,PKOPRBG DUA PUTRA
27194,PPRINDMK KAMILA
27219,PKOPRBG KOPI KRESEN
27220,PKOPKBM AL KAAFIY
27238,PRINMKD F N S
27249,Jamz Bakery
27262,Sempret Gurih
27282,PKOPBNR SARI RASA
27284,LAGRANOLA, CV
27298,DANAR KARYA SENTOSA
27312,Roentjesfood
27313,PRINSLW REKI PUTRA
27325,PT. GRAHAINMA SINAR TRIKARSA
27326,KINOS FOOD INDUSTRIES (M) SDN BHD
27344,Chu Zhou Runhai Stveia Hi-tech Co.,Ltd
27384,Milko Beverage Industry, PT
27444,Sterling Biotech Limited, Division - Sterling Gelatin
27481,Sunvision Sweet Co., Ltd.
27566,YURILL ENTERPRISE
27636,RANNY & FRIENDS
27707,Shandong Longlive Bio-technology Co., Ltd
27711,PT EAZT INDONESIA
27723,PT. Wilmar Nabati Indonesia
27730,Tiga Pandawa, UD
27752,ORI HERBS
27823,PT GEMA ISTA RAYA
27859,LEE BISCUITS (PTE.) LTD.
27890,MANE INDONESIA, PT
27911,METROPOLITAN
27957,MOI FOODS MALAYSIA SDN BHD
27968,BIO ENERGY MARKETING
27992,LI CHUAN FOOD PRODUCTS (VIETNAM) COMPANY LIMITED
28008,UD. SARI GUNUNG BRASTAGI
28122,Guangxi Nanning Chemical Pharmaceutical Co.,Ltd.
28177,MAMAIRA MARKETING
28193,Madu Sumbawa Alami, PT
28229,KAWAII COLLAGEN SDN. BHD.
28268,PT. MANGGA DUA
28272,IBRAHIM ISMAIL
28333,Pacific Indo Dairy, PT
28402,PPRINSKT GENDIS
28423,SAMA INDAH PT
28435,POWER SYIFA
28519,Leni Snacks
28584,PPKOPTMG MAIS
28626,Indonesia Miki Industries, PT
28637,PT. Megmilk Snow Brand Indonesia
28680,AURA RICH RESOURCES (BELLYNA)
28705,Loenpia Mataram Semarang
28832,CV. ANUGERAH BOGA PRATAMA
28843,Jiangsu Yongyou Food Science and Technology Co.,Ltd-China
28865,Unilever
28872,Indovera Biotech,CV
28902,MAY CHEN AROMATIC CO., LTD.
28958,MATRIX
28975,Zhaoyuan Sanjia Vermicelli and Protein Co.LTD
29013,MENACOCO SARI, PT
29067,Makindo Perdana, PT
29120,FERMA RESOURCES
29123,Juwana ManCo Karkasindo
29248,cv.cipta prima abadi
29258,Wuxi Tian Feng Food Ingredients CO.,LTD.
29268,PT Ruangan Pendingin Indonesia
29304,UD. Bunga Sari
29322,PAKUNAM TIRTAJAYA PERKASA, PT
29335,Jiangsu Liangfeng Food Group Co., Ltd.-China
29373,PKOPWSB CHANIA JAYA
29380,Maihani
29416,PPRINKJN MADU LEBAH KAROMAHSARI
29430,PKOPWSB CV ADI DAYA GROUP
29436,PKOPBNR EDELWISE DIENG
29438,CV. THIAN JAYA ABADI
29442,MARS GCC
29493,UD. LESTARI JAYA
29501,PT. BUMISARI PRIMA
29531,India Gelatine & Chemicals Limited
29533,Dongguan Yihai Kerry Syral Starch Technology Co., Ltd.
29576,PRINSMG OMMA UMMA
29577,Gio Den Samudra Abadi
29585,R BALI MADU
29615,PT CAHAYA TIRTA AROMMA
29668,Sentra Savori Sejahtera, PT
29674,amnurherbal
29714,PT. Adelphi TransAsia Indonesia
29744,PT. MILAGROS PUTRA MANDIRI
29760,PPKOPBMS MIE HO KIE SAN
29864,Pusat Perlebahan Nasional Perum Perhutani
29884,Dr. Mcdougall's Right Foods
29921,PT. Bina Karya Prima
29961,CS2 Pola Sehat, PT
30208,MUSAFIR HIJRAH
30209,OJSC Polotsk Dairy Plant
30216,ULTRA SAKTI, PT
30228,Medan Sugar Industry, PT
30234,BALI MAYA PERMAI FOOD CANNING INDUSTRY, PT
30263,MORINDA Inc.
30279,PT. KING FOOD
30281,PT. Sari Alami Mora
30377,PT Yamazaki Indonesia
30396,PPKOPKBM DIKA RASA
30412,AGROSTEVIA WORLDWIDE
30583,Unggul Miesindo Utama,PT
30589,PT SINAR TOBOALI
30653,PT. SIANTAR TOP, TBK 
30660,PKOPBNR KLP UMKM AMELIA NUR SEJAHTERA
30698,TELAP-TELEP
30733,PARIMAS BOGA RAYA, PT
30738,Pandaria Makmur, PT
30740,Mondelez Foods (Suzhou) Co., Ltd
30783,Sari Sedap Makmur, CV
30791,Avicenia
30831,PT. TRISUMBER MAKMUR INDAH
30843,PT. Unimos
30865,CHUPA CHUPS, S.A.U
30867,Qufu Haigen Stevia Products Co.,Ltd
30869,Indokuat Sukses Makmur, PT
30883,Triteguh Manunggal Sejati, PT
30907,PKOPDMK DIFA JAYA
30928,Vadco Prosper Mega, PT
30948,R.TEA
30953,Dharana Inti Boga, PT
30963,PKOPWSB UD. AFGHANI FOOD
30977,PT. M-150 INDONESIA
30979,Simply Asia
30994,Anhui Violet Menthol Pharm Tech Co.,Ltd.
31028,PT. MAJUJAYA POHON PINANG
31043,Miroso
31065,PKOPPBG ELFATH
31132,PT. Dellifood Sentosa Corpindo
31153,PT GOOD SPICE FOOD
31200,Sempurna baru
31212,PT. Marizarasa Sarimurni (Factory 2)
31233,BIO ENERGY
31288,Passi Tirta Agung, PT
31432,Binamas Karyafausta
31447,Fujian Fupaiyuan Foodstuff Corp.,Ltd
31453,Dong Suh Oil and Fats Co., Ltd
31483,Nestle Espana, S.A
31596, KIMIA FARMA ( PERSERO ) TBK.- PLANT SEMARANG,PT
31621,NestlÃƒÂƒÃ‚Â© France S.A.S.
31623,Agung Mandiri
31633,Mr.Cream Puff
31641,Pelangi Ibu Fatmah
31652,NestlÃƒÂƒÃ‚Â© Suisse SA
31695,PT. Golden Sari
31721,PPMS ENTERPRISE (M) SDN BHD
31775,CERELAC
31810,PPKOPPWD KELOMPOK WANITA MAJU JAYA
31831,Mission Foods (Shanghai) Co., Ltd.
31833,Pacific Food Indonesia, PT
31869,PT. SARANA KARYA UTAMA
31963,My HEART HERBAL HEALTH JUICE
31969,COFCO Bio-chemical Energy (Longjiang) CO.,Ltd
31979,PADI UNGGUL INDONESIA, PT
31988,Sugar Labinta, PT
32027,PKOPSLT NC CHOCOLATE
32058,ANDUNG TIRANET
32110,Aujan Industries LLC (A Member of Aujan Coca-Cola Beverages Company)
32157,SYMEGA FLAVOURS INDIA [P] Ltd
32167,PKOPWSB UD FIRDA
32199,Guangzhou BSY Bio-tech Co.,Ltd.
32218,UD. Cemilan Jakarta
32247,Qingdao Fuso Refining & Processing CO.,LTD.
32349,PT. Neoalgae Indonesia Makmur
32364,Zymogreen Global Co.,Ltd
32423,Miss Koling
32435,Monysaga Prima, PT.
32436,Mr. KripÃƒÂ¢Ã¢Â‚Â¬Ã¢Â„Â¢skong Rawamangun
32437,GUANGDONG WENHUI FOOD CO.,LTD
32438,NIPPON FLAVOUR TECHNICAL RESEARCH CENTR (WUXI) CO.,LTD.
32454,Jiangxi Hengding Food Co.,Ltd
32537,PT. Nissin Biscuit Indonesia
32598,SARANA PANGAN BARU, PT
32614,Ottogi
32618,NafianCorp
32633,NANCHANG DUOMEI BIO-TECH CO.,LTD
32651,MANITY ENTERPRISE
32672,PRINSLW ASKUR SNACK
32687,Nestle Netherland b.v
32709,Shanghai Tian Feng Food Technology Co., LTD
32715,Nilam Widuri, PT
32751,Darmex Oil & Fats, PT
32756,PPRINKLN BAROKAH
32777,Natural foods sukses makmur PT.
32788,Guilin GFS Monk Fruit Corp
32800,Shoon Fatt Biscuit & Confectionery Factory Sdn. Bhd.
32801,PPKOPSLT KING MOLEN
32847,SHANGHAI WENHUI FOOD INDUSTRY CO.,LTD.
32851,SICHUAN HUIJI FOOD CO., LTD
32852,AN-NABA NIFA CAFE
32897,SAPPE INDONESIA, PT
32898,NANURIFOOD-Korea
32900,MUSTIKA RATU, PT
32901,San-ei Sucrochemical Co., Ltd.
32928,NugetKu
32951,DAN CHENG BO XIN BIOLOGY AND TECHNOLOGY CO.,LTD.
32957,Longhai Yeehe Food Ingredients Co.,Ltd
32968,JONGKOL PRODUCTS CO., LTD
32970,PT. Matahari Putra
32972,PT. Napol Medan Berkah
32994,PT. Monde Mahkota Biskuit
33013,NestlÃƒÂƒÃ‚Â© UK Ltd
33026,Dinty Moore
33058,NP Foods Indonesia, PT
33122,YONG AN XIONG SHI FOODS(DALIAN)CO.,LTD
33124,NASI AYAM HAINAN 72
33134,WHITE CAFE SDN. BHD.
33146,PT. Inaco Food
33165,PMS POWERPACK SDN BHD
33195,PT. Golden Sinar Sakti
33206,NATIONAL SAGO PRIMA , PT
33218,Cereal Partners Poland  ToruÃƒÂ…Ã¢Â€Âž-Pacific Sp. z o.o.
33238,NEKA
33251,PKOPPWR MORSEN
33256,Cereal Partners Malaysia Sdn.Bhd
33281,PT DAYA AGRO MITRA MANDIRI
33297,Najwa Berkah Food
33335,PKOPKBM KSU BUMI LOH JINAWI
33380,NESTLE PRODUCTS (MALAYSIA) Sdn. Bhd.
33448,ORIFLAME COSMETICS INDONESIA, PT
33476,PPRINPML UD. CIPTA JAYA
33507,PKOPWSB UD. PITA RARA
33527,PT HOLOS INTEGRA
33542,PT. INDAH BERKAH MAKMUR
33612,PKOPRBG BERKAH
33653,PT. ARGANIAGA BOGA MAKMUR
33669,PT. Mondelez Indonesia
33672,Beneo Orafti
33732,PKOPSLW SAMBEL HEUH HAH
33833,XIAMEN YANGJIANG FOODS CO.,LTD
33929,PPKOPKBM MULYA SARI
34210,PT. GLOBAL DELARYA PRATAMA
34226,PT KUTAI REFINERY NUSANTARA
34350,SAF INDONUSA
34388,PKOPSMG PETIS MANTEP
34411,JAYA PUTRA DEWATA, PT
34472,PPRINWSB TIGA PUTRA
34479,Liwayway,PT
34536,SYNTHITE (XINJIANG) BIOTECH CO,. LTD.
34571,PT. Nutrifood Indonesia, Raya Ciawi 
34572,PT. Rajawali Mosesindo Sejahtera
34598,PD Sahabat Jaya Cemerlang
34599,PT. Kalbe
34604,QL FOODS SDN BHD
34632,Opak Kukus Trika Mandiri
34634,PT. Hokkan Indonesia
34672,PT. RUKUN BERSAMA SENTOSA
34766,SHIBAM TRADING
34774,HYOSUNG FOOD Co., Ltd. -Korea
34796,Yakult Pharmaceutical Ind.Co.,Ltd.
34990,PT. Hale International
34999,PT. Ultra Prima Abadi
35039,PT INTEGRAL MULIA CIPTA
35044,P D NAVKAR BIO - CHEM PVT. LTD
35070,Donghai Dongyue Peanut Foods Co., Ltd
35071,PKKOP ANEKA KRIPIK
35087,L&P Food Ingredient Co.,Ltd
35138,Rifazz Food
35286,Abbott Laboratories B.V.
35303,PT. Steelindo Wahana Perkasa
35324,Zhejiang Jinming Biological Science and Technology Co.,Ltd
35419,PT. Mulia Boga Raya
35434,Pedatimas, CV
35459,PEMPEK 16
35480,PT. Dalya Citramandiri
35505,PT. FOODEX INTI INGREDIENTS (EXPORT)
35567,PT. DIAMOND BRAND INDONESIA
35590,PT. Fanrice Indonesia
35595,PT. Synergy Oil Nusantara
35670,Pempek Viodenz
35725,Pinus
35732,Jiangsu Chengxing Phosph-Chemicals Co.,Ltd.
35745,Rich Products (Suzhou) Co.,Ltd
35748,SUPLIER PUDING
35749,PIA JANGER
35750,PT. Netania Kasih Karunia
35753,PPRINSLW LIN SNACK
35757,Sumber Rezeki
35770,PREMIER BOGA NUSANTARA,PT
35771,ZOFEA BEAUTY
35790,PT. Pondan Pangan Makmur Indonesia
35792,Pie Susu Aisyah
35806,Godavari Biorefineries Ltd.
35811,Naisan
35872,PT Firmenich Aromatics Indonesia
35893,PT Indesso Culinaroma Internasional
35895,Diamond Fish
35939,PPRINPWD HANNA
35967,PT Nirwana Segara
35976,PT. Quintescents Flavours and Fragrances
36003,Prasan Solutions (India) Pvt. Ltd.
36017,PAI MAMA
36018,PPBPTPUNR SARI SUSU
36093,Kreasijaya Adhikarya, PT
36100,PT. Sensient Technologies Indonesia
36119,PRINBBS BERLIAN NUR
36129,FAIRPACK INDONESIA, PT
36140,Pempek Cinde
36155,PT. Givaudan Indonesia - Fragrance Division
36180,Purac (Thailand) Ltd.
36206,PRINSLW NAMIRA
36212,PT Givaudan Indonesia
36303,PKOPMKD TELOMOYO PUTRA
36387,D'SYIFA SHOP POWER SYIFA'
36428,Canning Indonesian Products, PT
36444,PT. GLOBAL INTERNATIONAL FOODS
36450,Darisa Intimitra PT
36467,PT. M & N INDONESIA
36476,PT. Global Prima Putra
36483,PT. Asiacapital Utama Indonesia
36484,PT Mackessen Indonesia
36504,Novoagri Inc.
36555,PT Kreasi Inovasi Prosana
36630,PBPOMTGL MUTIARA
36644,TIGARAKSA SATRIA, PT
36646,PPKOPPWR BERKAH PEYEK
36685,PT. Ogawa Indonesia
36691,PT Taluk Kuantan Perkasa
36794,PT BASCHO NIAGA JAYA
36800,PT. Aromas Citra Jaya
36819,PT. INTI RASA SEMESTA
36826,PT. Salim Ivomas Pratama Tbk
36828,PRINSLW JER SNACK
36834,Deltomed Laboratories, PT
36955,DERMAGA KENCANA INDONESIA, PT
36961,METROPOLITAN MARKETING
36976,PT INTRASINDO
36977,PT. TIRTA ALAM MAKMUR
36987,PPRINSLW MATAHARI BAROKAH
37000,Venkateshwara Hatcheries pvt. (Egg processing division)
37012,Mentes
37019,PPRINBTG CIPTA MHAT LEMON
37022,Pempek Nuri Meranjat
37029,ANHUI YINFENG PHARMACEUTICAL CO.,LTD
37071,PT. Anugerah Alam Makmur Abadi
37072,PT AMERTA INDAH OTSUKA
37133,DÃ¢â‚¬â„¢SYIFA SHOP POWER SYIFA
37151,NATURE'S PROMISE ENTERPRISE
37156,MJ GLOBAL
37162,Megahari PD
37177,PKOPSLT PRIMADONA
37184,PT ANJ AGRI PAPUA
37186,Dzafira Crispy
37189,PT. Gunacipta Multirasa
37223,PPKOPSLT AJI LESTARI
37245,DR. K Receipe
37270,PPRINPBG PERUSAHAAN ABON CAP KOKI
37294,PT. Esamas Food Indonesia
37295,PT SCENTS IMAGE
37306,Dangshan Haisheng Pectin Co.,Ltd.
37344,Andalas
37348,POWER SYIFAÃ¢â‚¬â„¢
37358,PT. Scentium Flavours
37374,Nirmulo Industry
37396,Lyha
37399,Xinjiang Won-Star Tomato Products Co.,Ltd.
37405,PPKOPSMG PIA ARAS
37416,PT. Anugerah Pangan Indonesia
37431,Zaco Food
37523,PACIFIC PALMINDO INDUSTRI, PT
37527,CV. Jaya Abadi
37537,PPRINKJN DANYMAS BAKERY
37542,Dwi Karya Mandiri, UD
37580,PPKOPBBS UP FMA TIRTA YASA
37584,QALBU OCEAN ENTERPRISE
37601,PT BRATACO
37625,Mang Enak
37633,PNAGKDL BU NASIRUN
37724,Kaedama
37733,Rendang Nuri
37790,PT Gardenia Makmur Selaras
37811,Food Industry, PT Wilmar Nabati Indonesia
37877,Dharmapala Usaha Sukses, PT
37886,PT. Sparindo Food
37916,Dirgan
37983,PPRINKDL CHALWA
37985,PT Tri Bintang Inter Global
37999,Rotary
38059,Shandong Huaxian Stevia CO.,LTD
38060,Arshi Snack
38075,Nagamas Palmoil Lestari, PT
38102,PPRINKLN LIEK SIE MIEN
38212,PT. Kaldu Sari Nabati Indonesia
38244,Tanjung Sarana Lestari,PT
38260,TOYO PACK (Changshu) CO.,LTD
38284,PPRINPKL HJ JL
38328,Teguh Karya Bakery
38381,PPRINRBG ROSALIA SNACK AND FOOD
38395,PT. Sari Enesis Indah R&D Pharma (OEM Kianjoo Malaysia)
38420,ROBERTET FLAVORS & FRAGRANCES BEIJING Co.Ltd
38444,Berkat Aneka Pangan, CV.
38484,ROBERTET ASIA PTE. LTD
38523,PPKOPSLT DAFFA BAKERY
38539,Punik
38716,CV. JAYA ABADI
38720,ROBERTET S.A
38758,PT. IVO MAS TUNGGAL
38762,Queen Food, CV
38898,PPKOPKLN ROTI TAWAR LANGGENG
38920,Rich Products Viet Nam Co., Ltd
39012,Procter & Gamble International Operations SA Singapore Branch
39044,CV Halt Manufaktur
39079,R & B Food Supply Co. Ltd.
39129,PT. Nirwana Lestari
39141,Bundatia Cakes
39142,FANGCHENGGANG LONGRUN CARRAGEENAN CO.,LTD
39166,ROSNIZA COFFEE
39178,PRINKBM ROTI GOOÃƒÂ¢Ã¢Â‚Â¬Ã¢Â„Â¢CI BAKERY
39179,Sedap Sari Bakery
39180,REGILAIT
39190,PRINKBM SARI URIP
39221,PT. SINAR ALAM PERMAI - KUMAI
39280,Mulya Agung
39284,PT. WAHIDA INDONESIA
39319,PPRINPBG FIRQAH BAKERY
39333,Cargill Asia Pacific Food Systems (Beijing)Co., Ltd.
39382,PRINSLW DUA MERPATI
39425,PT Hoza Tirta Samatorindo
39442,PRINMKD MELINDA
39474,PPRINBYL ARTHA DHYNA SNACK
39497,PT Delta Prima Lestari
39516,SHANGHAI TAKASAGO-UNION FRAGRANCE & FLAVOR CO., LTD
39524,KURNIAWAN SEJATI SEJAHTERA, PT
39596,PKOPSLT DENNIS CAKE AND BAKERY
39615,Abbott Ireland
39684,CV Tunas Jaya
39734,Sambal Mama Oni
39744,PKOPPKL KARYA PUTRA
39748,Royal Bakery
39816,PPRINPTI SANITA FOOD
39829,Purecircle (Jiangxi) Co.Ltd.
39853,SECRET BEAUTY MARKETING
39889,SHIBAM
39911,PKOPBNR CV GLOBAL MERCY
39977,SF Qua, PD
40022,PT ATLAS ES SEMARANG
40023,Shandong Xinlai Soybean Biotech Co.,Ltd
40028,Socimas, PT
40048,Martina Berto Tbk, PT
40075,LILIYAN FOOD
40152,PPKOPBBS JAHE WANGI SEJAHTERA
40200,Changshu Wealthy Science and Technology CO., Ltd.
40213,SUMBER SARI MAS INDUSTRI, PT
40302,Rumah Ayam Jakarta
40308,Abbott Manufacturing Singapore Private Limited
40326,breadhouse
40397,ACR BAKERY
40416,PPKOPBYL ROTI HARUM SARI
40425,SHIONO KORYO KAISHA, LTD
40428,PT. SASA INTI
40485,DUNIA KIMIA JAYA, PT
40516,SHANDONG SINOGLORY HEALTH FOOD CO.,LTD
40661,Muria Bahari Indonesia, PT
40703,RAHAYU,UD
40732,NEW STAR FOOD INDUSTRIES SDN BHD
40840,CEMARA DAKTI TRADE CENTER
40909,SODA AROMATIC (KUNSHAN) CO.,LTD.
41069,BITA
41074,PT Bahtera Emas Asia
41079,PPRINRBG SANDENG BAKERY
41082,PPKOPPWD GANESA
41169,Bayti
41178,Frizia Cake & Bakery
41225,PPRINRBG WIRDA BAKERY
41234,HALT CORPORA, CV
41303,Raja Beo
41305,Gelora Bakery
41325,Hubei XingFa Chemicals Group Co.,Ltd.
41366,PT MURA KRISTAL SEMARANG
41406,Natama House
41445,STARA BUMI SURYA, PT
41471,WILLIAM CAKE & BAKERY
41473,Rayyan Bakery
41519,Sensient Technologies (Thailand) Ltd.
41536,Beijing Hormel Business Management Co.,Ltd Weifang Branch
41550,LOX
41556,Scentium Fragrances, PT
41558,Fruta Food Indonesia
41562,Tianjin WeiDuo Technology Development Co.,Ltd.
41581,PPKOPKBM BIBI SURIP
41604,Goodmorning Seoul Corp.-Korea
41632,PPKOPPWR MY CAKES
41633,Open Joint-Stock Company Babyshkina Krynka - Management Company of Holding Mogilev Milk CompanyBabyshkina Krynka
41638,PKOPKBM RIDHO SEJATI
41644,SILOOY DAS
41723,Savoria Kreasi Rasa, PT
41776,PPRINPML TANI MAKMUR
41803,PKOPJPA SINGKONG 57
41820,Abbott Laboratories S.A.
41837,Solvay(Zhenjiang) Chemicals Co., Ltd.
41840,PPKOPKDS JUJUR BAROKAH
41843,PRINKBM ACHSAN
41844,UD. SERASI JAYA
41854,COFCO BIOCHEMICAL(ANHUI)CO.,LTD.
41867,PT. Singabera Indonesia
41881,Mianyang Aostar Phosphorus Chemical Industry Co.,Ltd
41930,Z-Mad
41978,NORRICH RESOURCES
41979,PT. Industri Jamu & Farmasi Sidomuncul
42005,PPRINSKT DAMPIT
42027,Ka-Me
42070,PT. Simba Indosnack Makmur
42095,PT Riau Sago Lestari
42128,PPKOPKBM ANA ASHFIYA FOODS
42132,ARYA SENTOSA INDONESIA ABADI,CV
42193,PT. MITINDO GLOBAL JAYA
42235,HOUDE FOOD CO.,LTD-China
42273,Shanghai Otsuka Foods Co.,Ltd.
42279,Arta Anugerah Alam, PT
42280,PT HALT MANUFAKTUR SENTOSA
42288,Kelola Usaha Makmur, PT.
42320,Sensient Technologies New Zealand
42357,Capital Trading Co., Ltd.
42358,PKOPBNR QODISAH
42369,PPKOPSLT WKS
42377,PKOPSLT ENAK
42393,Zhucheng Haotian Pharm Co.,Ltd.
42401,PPRINSMG BU HJ SARTINAH
42404,Prakarsa Alam Segar PT.
42422,UD LARIS
42444,S&D Co., Ltd-Korea
42445,Samyang Foods Co., Ltd. - Korea
42512,Jiangmen Ashland Chemicals Company Limited
42520,PPKOPPWD AROMA RASA
42541,JAYA MANDIRI
42547,CV. Sentosa Saya Suka
42588,Sark
42598,PRINKBM HOKIYO
42606,INDO ABON, PT
42609,CV TOPFOOD SARANA MAKMUR
42650,YIXING QIANCHENG BIO-ENGINEERING CO., LTD
42656,Selera Pedas Bu Majun
42667,salim food
42681,PT. Perusahaan Industri Ceres
42684,SUNNAH BARKAT ENTERPRISE
42708,PPRINKLN SYIFA SNACK
42739,PPKOPKDS GOTRI
42766,UD. Hasil Alam Brastagi
42856,PT.MITRA FOOD INDONESIA
42864,PT. Nippon Indosari Corpindo, Tbk
42871,PKOPSLT ARGOTELO
42911,UD MAKMUR
42919,PKOPJPA SAMTIS
42923,Goritos
42939,tengku santan
43003,PT. Sena Anugrah Mandiri
43050,SM FOOD N DRINK
43077,Shanghai H&K Flavors & Fragrances Co., Ltd.
43099,SEHATI BACK TO NATURE
43109,PT. Siger Jaya Abadi
43122,Togu
43131,CV.MARQUISA DEWI
43135,Durian Kunyil
43153,INDOSALSA BOGATAMA, CV
43169,PKOPPBG PUTRI SARI
43170,Triusaha Mitraraharja, PT
43180,Najah
43188,BILSET
43192,Shanghai Nagaoka Co., Ltd.
43203,YANTAI ZHENZHU LONGKOU VERMICELLI CO.,LTD
43207,PRINKBM KUE KERING DELIMA
43243,Solbar Ningbo Protein Technology Co, Ltd
43276,PKOPPKL TOBA
43309,Shanghai Hi-morse Food Additives Co.,Ltd.
43321,Nina Kue
43323,PT. General Food Industries Bandung
43336,CENT
43341,PPRINSKT SIVA SNACK
43364,Samjung Flavor Co.,Ltd. -Korea
43404,PPKOP SLT SIRMA FRESH SALATIGA
43462,PT. Indosigma Surya Cipta
43486,Fujian Province Quanzhou City Haizhen Food Co.,Ltd
43500,PT. So Good Food Manufacturing
43516,DERMAX SUPER SKIN
43517,Shinemate Co.,Ltd.
43581,PKOPKBM OLIN
43620,TAKASAGO INTERNATIONAL (SINGAPORE) PTE LTD - FRAGRANCE DIVISION
43688,Nantong Changhai Food Additive Co., Ltd.
43737,Magasa Raya
43812,TIAN NING FLAVOR & FRAGRANCE (JIANGSU) CO.,LTD.
43863,PPRINPTI MAJU JAYA
43977,Thai Nikken Foods Co.,Ltd.
44011,Synergy Flavours (Thailand) Limited
44066,Guanxian  Ruixiang Biotechnology Development Co., LTD
44235,PKOPKBM AL AMIN
44266,MILK FAVE
44270,Guangxi Sungain Biotechnology Co., Ltd
44295,PPRINKDL PAK HABIB
44299,FrieslandCampina Vietnam company limited
44300,Henan Baichuan Food Co.,Ltd,
44340,PRINPKL AZKA SNACK
44357,Susu Kedelai Pangeran
44449,CS2 Pola Sehat, PT 
44486,Linyi Shansong Biological Products Co.,Ltd
44622,Balai Pengembangan Ternak Sapi Perah dan Hijauan Pakan Ternak Cikole Lembang
44634,GLOBAL FOODS INTERNATIONAL, PT
44692,Thanakorn Vegetable Oil Products Co., Ltd
44752,AJINOMOTO CO.,INC.
44773,PT. Agri Spice Indonesia
44798,Shandong Gaotang Lanshan Group Corporation
44802,PKIS Sekar Tanjung
44814,Beby Cake dan Snack
44868,Symrise Asia Pacific Pte. Ltd.-Fragrance
44877,TAKASAGO INTERNATIONAL (GUANGZHOU) CO., LTD.
44880,PT PUTRA INDO MANDIRI SEJAHTERA
44941,PPKOPTMG PRIMA RASA
45016,TPM FLAVOUR INDONESIA, PT
45029,JK Sucralose Inc.
45080,PT. Riau Sakti United Plantation
45099,PT. MENARA DWIKARYA PRIMA
45157,RIZQY DITA ABADI, UD
45173,Symrise Asia Pacific, Pte. Ltd
45216,KLK DUMAI, PT
45225,BUN GUAN BROTHERS SDN BHD
45274,ZHEJIANG SYNOSE TECH CO., LTD.
45305,PT. Medan Tropical Canning & Frozen Industries
45373,TAKASAGO INTERNATIONAL (SINGAPORE) PTE LTD
45403,FRESH LIKHA MILK
45472,PT TARAMI AETERNIT FOOD
45473,PPKOPBYL DAPOER AURA
45487,PPRINBBS RAHAYU CAKE
45541,PKOPPKL JIE FOOD SEJAHTERA
45544,PT. Makindo Perdana 
45556,tempe nusatara albarokah
45647,PT. ARENA AGRO ANDALAN
45660,Towang Tahu
45669,PPKOPSLT UDANG KRISPY 36
45773,Gopek Cipta Utama, PT
45778,Rojava Swarna, PT
45845,T.Hasegawa Flavours and Fragrances (Shanghai) Co.,Ltd.
45893,Tape Uli Ketan Pak Harry
45894,Tong Garden Food (Malaysia) Sdn. Bhd.
45921,PKOPSLT UBI-IBOE
45922,PPKOPSMG SEHATI
45960,PPKOPKBM IBMK
45996,PT.Sari Melati Sejahtera
46018,Kartini Teh Nasional, PT.
46026,Umas Jaya Agrotama, PT
46046,PT SURYA SENTOSA SEJAHTERA
46076,T. HASEGAWA CO., LTD.
46106,PT. MITRA ALVASTAR BUANA
46107,PKOPBNR RARA SNACK
46110,PPRINDMK KAFANA
46161,Lae Gadong
46171,UD. Mitra Abadi
46179,Bakso Cak Ross
46188,PRINKBM PELANGI
46193,PRINKBM BUMBU KITA
46217,PT. Perkebunan Nusantara VI
46222,PT INDO ASIA TIRTA MANUNGGAL
46246,PT Agri Wangi Indonesia
46248,PT. Cahaya Borneo Sukses Agrosindo
46261,PKOPBBS ENI JAYA
46290,SAIMA
46333,Hap Seng Edible Oils Pte Ltd.
46343,TTCA Co.,Ltd
46443,PT. Aroma Mega Sari
46457,TONG KOPI
46493,TONGLIAO MEIHUA BIOLOGICAL SCI-TECH CO.,LTD.
46555,PT KARYA PAK OLES TOKCER
46633,PRINSMG BUMI MAKMUR
46634,Kievit Indonesia, PT
46639,PPRINSMG KELOMPOK WANITA TANI SAYURI
46643,PPKOPPML KASEM
46676,PT. Alu Aksara Pratama
46685,PT. Sumber Kencana Kopi Indonesia
46724,Asian Favorites
46734,PRABUTIRTA JAYA LESTARI,PT
46738,CV.Putra Mandiri
46781,Universal Food
46790,Perusahaan Teh Dua Burung
46813,UD BUNGA MATAHARI
46825,PBPOMBBS ALVIN JAYA
46847,PT. Ultrajaya Milk Industry & Trading Co.Tbk
46856,UD.SINGA LAUT
46898,PT. Ultrajaya Milk Industry
46927,Jiangsu Ruijia Chemistry Co,Ltd.
46975,T.C.PHARMACEUTICAL INDUSTRIES CO.,LTD
46983,PT. HARUM SARI PERKASA
47032,PT. SARI TANI SUMATERA
47050,PRINKBM SINERGI COCO
47064,Citra Boga Indonesia, PT
47092,PT Paramasuka Gupita
47161,Tunggal Herbal
47164,PPKOPPML PERMATA
47225,PPKOPKBM UD. SUMBER REJEKI
47255,Trabaud Aromatic Laboratories, PT
47316,SYUHADA KASIH ABADI
47352,PT. Gunawan Indo Sejahtera
47381,Siang Ming Tea
47390,PT.ANEKA PANGAN OLAHAN
47441,Bina Sago Lestari, PT
47442,PT Unilever Oleochemical Indonesia
47474,YUPI INDO JELLY GUM, PT
47498,UNITECH SUKSES MULIA, PT
47499,UD. TANI JAYA
47518,ZARA INSYIRAH SHOP
47599,PRINMGG IKA SNACK
47662,PPKOP SKT ZET BEVERAGE COMPANY
47809,Z RAUDAH
47866,V. MANE FILS
47877,YAKULT MATERIAL CO.,LTD.
47888,Yeni Foody
48042,Deosen Biochemical (Ordos) Ltd.
48074,VK Aromatics International/Creative Flavours Fragrances
48075,VITASWEET CO.,LTD
48206,PD ALAM SEGAR
48225,PKOPKBM ZAHRIN
48281,PKKOP EDENIS KREATIF
48325,Angel Yeast (Liuzhou) Co.,Ltd.
48334,Zhaoqing Perfumery Co.,Ltd.Guangdong,China
48335,Zhejiang Green Crystal Flavor Co.,Ltd
48376,Verina Risoles
48431,PPRINPML NANAS MADU JAYA
48433,Anyang City Yuxin Xylitol Technology Co.,Ltd
48474,PPBPTPTMG DAMAR SINDORO SUMBING
48476,CV LIMA ROTI DUA IKAN
48496,Zhejiang DongCheng Biotechnology Co.,Ltd.
48543,Wild Flavors (India) Pvt Ltd , formarly known as A M Todd Company India Pvt Ltd
48571,WEITEH FLAVOUR AND FRAGRANCE BIOTECHNOLOGY INDONESIA, PT
48697,PKOPPWR MITRA SEJAHTERA
48736,Xinjiang Fufeng Biotechnologies Co.,Ltd.
48750,Beijing Jianli Pharmaceutical Co.,Ltd.
48763,PKOPBNR NY. SUTARTI
48773,PT Inti Idola Anugerah
48784,PT.ABC Kogen Dairy
48908,President Kikkoman zhenji foods co.,ltd.
48926,PPKOPKBM ORYZA
49100,PPRINWSB SANTAP FOOD
49134,ANHUI RUIFUXIANG FOOD CO.,LTD
49139,PRINKBN NY. FARIH
49141,PT. Yakult Indonesia Persada
49163,Whakyung Aroma Creation, PT
49310,PKOPPBG BRAYAN FOOD
49358,Shanghai Gecono Yeast Co.,Ltd.
49363,PT. Zoneindo Global
49380,PT. Keong Nusantara Abadi
49456,PT Djasula Wangi
50580,PKOPJPA JAVA FOOD
50936,RPA DWISATA
51315,Perusahaan Abon DIAMOND
51843,DeHong Hogood Coffee Co.,Ltd.
52391,PUTRI SOLO
53589,Solo Bakery
55005,PKOPSLW QONIAH JAYA
55661,HeNan JinDan Lactic Acid Technology  Co., Ltd.
56237,ZHEJIANG JU ZHEN YUAN IMPORT and EXPORT TRADING CO.,LTD
56292,ELIS
56670,CHAMGOEUL.CO.,LTD.
57266,Fang Da Food Additive (Yang Quan) Ltd.
57363,HOLI MINA JAYA, PT
57415,SURYA LESTARI ABADI, PT
57566,Lianyungang Mupro Imp. and Exp.Co.Ltd.China
57784,ZHEJIANG JU ZHEN YUAN FOODSTUFFS CO.,LTD
58799,CHINOS
58807,ChangChun DaCheng Bio-Tech development Co.,Ltd-China
59081,Beijing Milkyway Mate Technology Co.,Ltd
60163,UPT RPH AMPEL
60169,Laiwu Manhing Vegetables Fruits Corporation
60241,Jilin Jinyi Egg Products Co.,Ltd
60461,Taiyo Food (Tianjin) Co.,Ltd.
60541,Zhejiang Silver-Elephant Bio-engineering Co., Ltd
60883,LINYI YUANYUAN FOOD CO., LTD
61003,drom fragrances international (Guangzhou) Ltd
61607,priority inti raya cv
61806,Tongliao huanghelong bioengineering Co.,LTD
64018,PT NAM KYUNG KOREA INDONESIA
64233,CV. Sumber Manis Harapan Jaya
65239,UD DUMBO JAYA
66055,PT. BERKAT PANGAN ABADI
66647,SEDAPI
67534,Mahira
67542,Buah siwalan
69048,Pt. Aaltje Boga Kulina
70615,Yishui Dadi Corn Developing Co.,Ltd.
71265,Dongying wonderful biotechnology co. LTD
73505,Mengniu  dairy industry  CO.LTD.MAANSHAN-China
76339,DINAS PERTANIAN,PERIKANAN DAN PANGAN
77484,PT Mual Tio Maju Bersama, Tbk
77854,Hubei Zhuangmei Biological Technology Co.,Ltd-China
77863,Far Eastern Industries (Shanghai) Ltd.
78010,SHANDONG MINQIANG BIOTECHNOLOGY CO.,LTD
79131,PT Tanjung Bina Lestari
79851,Wilmar (Jiamusi) FoodStuff Industries Co.,LTD.
80197,PKOPJPA JESS ARUMI
80953,PT. SOUTHERN MARINE PRODUCTS
81304,indo seafood,PT
81969,UD. Sumber Mulia Indonesia
83066,cv indah sari
83804,SHANDONG QUFENG FOOD TECH CO.,LTD
83963,PT.YHS Indonesia
